,Kerry TH Reviews
0, Very slow delivery Long-standing warehouse  
1," delivery man The form hasn't shipped yet, but the work is closed. Sign in that the customer receives the item. even though I haven't received this Calling can not be contacted. What is it? The service is very bad. ‚Ä¶"
2," Very good service, friendly to the people üëèüèªüëèüèªüëèüèªüëèüèª ‚Ä¶"
3,‡πÄ‡∏£‡∏≤‡∏™‡πà‡∏á‡∏Ç‡∏≠‡∏á‡∏ï‡∏±‡πâ‡∏á‡πÅ‡∏ï‡πà‡∏ß‡∏±‡∏ô‡∏ó‡∏µ‡πà14/02/65‡∏à‡∏ô24/02/65‡∏Å‡πá‡∏¢‡∏±‡∏á‡πÑ‡∏°‡πà‡πÉ‡∏î‡πâ‡∏£‡∏±‡∏ö‡πÑ.‡∏°‡πà‡∏°‡∏µ‡∏Å‡∏≤‡∏£‡πÇ‡∏ó‡∏£‡∏´‡∏≤‡∏´‡∏£‡∏∑‡∏≠‡∏ï‡∏µ‡∏Å‡∏•‡∏±‡∏ö‡πÑ‡∏î‡πÜ‡∏´‡∏≤‡∏¢‡πÄ‡∏Ç‡πâ‡∏≤‡∏Å‡∏•‡∏µ‡∏ö‡πÄ‡∏°‡∏Ü‡πÑ‡∏õ‡πÄ‡∏•‡∏¢‡πÅ‡∏¢‡πà‡∏™‡∏∏‡∏î‡πÜ‡∏Ñ‡∏∑‡∏≠‡∏û‡∏ô‡∏±‡∏Å‡∏á‡∏≤‡∏ô‡∏Ñ‡∏µ‡∏£‡∏∞‡∏ö‡∏ö‡∏ú‡∏¥‡∏î‡∏û‡∏•‡∏≤‡∏î‡∏£‡∏´‡∏±‡∏™‡∏ú‡∏¥‡∏î‡πÑ‡∏°‡πà‡∏£‡∏±‡∏ö‡∏ú‡∏¥‡∏î‡∏ä‡∏≠‡∏ö‡πÑ‡∏î‡πÜ‡πÑ‡∏°‡πà‡πÇ‡∏ó‡∏£‡∏´‡∏≤‡πÑ‡∏î‡πÜ‡∏ó‡∏±‡πâ‡∏á‡∏™‡∏¥‡πâ‡∏ô ‡∏™‡∏™
4, The delivery person is very bad habit. Order the total amount. The total amount is only 409 baht. But the sender thinks 509? How much? You shouldn't be a delivery person. It's ugly. Don't act as a delivery person. ‚Ä¶
5," The service fee is very expensive. very light water box The size of the box is as small as an ant. It's 65 baht. Other places don't exceed 30 baht. It's a lot and the profit is unreasonable. That time, the screen ‚Ä¶"
6," Kerry, why can't I check the parcel and tell the recipient to contact me? even though no one called Mine has been sent for the 3rd round. I ordered from the 4th of Feb. ‚Ä¶"
7," The parcel arrived broken, almost every box, as if intentionally like this, I can't take it. ‚Ä¶"
8," The incident happened just a moment ago, a Kerry employee came to send Pampers. We are adopting a child, the mother of the child transferred the money to me yesterday. When this employee came to send me, he acted in a ‚Ä¶"
9," If the destination is not collected, it will be very slow. Waiting to pick up since morning, still haven't arrived. But online check is riding a motorcycle. We are trying to pay the expensive shipping fee, it's very ‚Ä¶"
10," Why is Kerry so bad? A friend sent the item from 7 Jan. The product will arrive on Jan 10, but now Jan 12, the item hasn't been received yet. Called to check and was told that the address was written wrong. But really ‚Ä¶"
11,Quiet and quality coffee.
12," Lat Krabang area, delivery is very slow, can't compete with other transport, the management is so weak!!!! ‚Ä¶"
13," Can be used to a certain extent, easy to park, not many people, wide, clean, the staff is okay. ‚Ä¶"
14," Kerry Khao Chamao Branch doesn't speak well. Go pick up items at the branch where no one is interested in customers even though there are many people living together. When I go to pick up the stuff, I say that the ‚Ä¶"
15," Very bad, Khao Chamao Branch, Rayong Province, we went to pick up the stuff. At the branch, employees are not interested. But call us to pick up the stuff. When we don't know where the stuff is, we tell them to send ‚Ä¶"
16," Don't do this job. Kerry had no map accuracy at all. Always come to deliver products, come in hundreds of times, but have to call and ask for directions every time, every three or four times ‚Ä¶"
17," Jingko doesn't want stars, if they don't give, they can't review anymore. If the item hasn't arrived yet, the customer doesn't have to call and waste time waiting. When calling, the items will be delivered to you to ‚Ä¶"
18, wait so long  
19, Kerry branch near Bangrak market Park the car at the Chao Phraya Tower and go to the parking ticket stamp at Kerry went to deliver the documents today. I just know that now there is a ‚Ä¶
20, very bad  
21, Very good service.  
22," Meet the delivery person at Bangkapi District Ramkhamhaeng doesn't speak well, so he speaks bluntly to his customers. met many times Can't beat the person who sent the flash. ‚Ä¶"
23, You don't have to go to work with Kerry. because of being scolded by regular customers I cursed because The sender is a foreigner. Send the item to Thailand. Enter the correct name. The customer's phone number is ‚Ä¶
24, Fast and convenient transportation well packaged equipment good mannered staff ‚Ä¶
25, The only person who trusts to send a speedy disaster  
26, Ok  
27, waiting since morning Said I'd send the item today 
28, Call center staff provide very good service. But what makes the company look bad is Poor freight forwarders work like‚Ä¶ Be aware that transport workers who are inattentive to work You're the one who puts the blame on ‚Ä¶
29," Why is it that when packing and delivering things, I always ask what's inside? ‚Ä¶"
30, Green Dream man wearing glasses I drive very badly. ‚Ä¶
31, Samaedam inventory is not working or not. I haven't sent items. Set girls 18/8/64 until today 22/8/64 items. I haven't sent a call to the call center. They told me to hurry up. I can't see it. I will send it. I will ‚Ä¶
32," Terrible, slow delivery, not available, it's closed.  "
33," Very difficult to contact, call 1217 Pick it up and hang up Can't contact Delivery is very slow. Call any number but leave a message and receive it. Hang up immediately. ‚Ä¶"
34," Lots of lottery services, call to coordinate, no one answers the phone. I don't know if the management has looked at the reviews. that customers have scolded me irresponsible ‚Ä¶"
35, Call to ask if the items have been delivered from the branch or not. staff can't answer Are you crazy üò•üò•üò•üò•üò• ‚Ä¶
36," Why it sucks, Kerry Fireworks, the rotten stuff doesn't deliver in the system. It says the phone number is not correct. Why does it take so long to deliver? Summary of rotten items and not delivered. ‚Ä¶"
37," Very bad service, delivery from Mae Sot on the 4th, arrived in Bangkok on the 9th at 3pm. It's rotten, bamboo shoots. ‚Ä¶"
38, What is the call center for cats? Called and no one picked up... The delivery man works very hard. ‚Ä¶
39," It's so bad, it's still like this  "
40, Very bad. Sent items on the 29th day. I haven't arrived yet. I don't know what to do. ‚Ä¶
41," Very bad, called to come to me since July 1st. In the morning, I will come to send to you in the evening. I haven't received items until today. On the 2nd day, I still haven't received it yet. ‚Ä¶"
42," I saw that the PTT branch, Amphawa Phra Hai, valued in millions. The owner sent 28 boxes of amulets. But someone came to cancel the bill without asking for a card or any evidence. ‚Ä¶"
43," 1. Your company's work is very irresponsible since 1.1 Recording only 10 digit phone numbers, you still record wrongly and also blame customers for not matching numbers. even though Kerry was the one who made ‚Ä¶"
44," of the week and it hasn't arrived yet If you can't send it, don't pick it up. ‚Ä¶"
45, Kerry employee came to pick up the product from today 22 July '21 and lost the product. Contacted the employee to inform that the claim has been sent. Call the subject to inform that the officer will call back. From 6 ‚Ä¶
46," Who told Kerry the service is good and fast, send the item back, it takes 4 days, plus the shipping fee is expensive. ‚Ä¶"
47," How big do you have to be? The box is broken. secretly change the box And the stuff inside is this messy But there is no call to notify, but can send SMS saying that the claim is difficult to claim. The employee threw ‚Ä¶"
48," The delivery point of Kerry Bangrak branch is in front of the Chao Phraya Building, but Kerry's head office is located on the Chao Phraya Building behind Robinson Bangrak. ‚Ä¶"
49," Ordered and wanted to return the product. because the product does not match the order Contact the office to check where the product came from. because we send it as cash on delivery In fact, the head office must have ‚Ä¶"
50,"Extremely slow delivery. Our parcel arrived at the final distribution depot and then took 4 days to be delivered - walking to collect the parcel at the depot would have been 8 times faster than Kerry's ""express"" service. ‚Ä¶"
51," Don't let the stars send items from Samut Prakan. Come to Ram Inthra. Send on 30 Nov. July 64 until today 2 June. Year 64 I haven't received it, but it's been delivered for 2 days. We wait to receive it. Going out far ‚Ä¶"
52, The location is not the same as the picture. Other companies didn't take it for next time ‚Ä¶
53," Did not send the item and pressed in the app randomly saying that the recipient cannot be contacted, that is, if you want to do this Close the company. Let's go. If management can't manage people, it sucks. ‚Ä¶"
54," I would like to ask, what is the purpose of doing service business? Please help me find a question that says that I can't send documents, copies of national ID cards via transport. Call to the office and talk to the ‚Ä¶"
55," The delivery staff let us go out to pick up things in front of the alley. Tell the dog that the dog is afraid that the dog is afraid to send it. What is it? Another company, he has never seen it bite anyone. post ‚Ä¶"
56," Mother sent the item since the 13th day, the 17th, and has not received the item, is very confused, call 1271, about 10 more per line, top up, call 100 baht until the money runs out, it still does not receive. ‚Ä¶"
57," Terrible, delivery 11/5/64, said it will arrive in Pattaya on the 13th, this one has not arrived yet, check the status in the same place for 3 days, ask who thrown to each other. There are no other channels to contact ‚Ä¶"
58," How can the heel of the product be preserved? Calling the call center, I am completely suspicious. How can I claim that I cannot contact the recipient? ‚Ä¶"
59," Pathum Branch Clerk Write the correct address Except postal code The delivery staff called to ask and informed them. No one contacted Check the status, it says Waiting to verify the correct address from the sender / ‚Ä¶"
60," 3 days of not yet arrived Food is just rotten And tell me to send as well Up in the system that the employee is delivering, this has been 3 days and sucks, the call center number does not call. ‚Ä¶"
61," So bad, waste of money, urgent delivery Will be on the 3rd day and have not yet sent the item to proceed to check the status of in Photharam What are you going to do in different ways? Don't you check the delivery ‚Ä¶"
62," Very bad. During this time, the delivery was delayed, not as scheduled. There was no notification at all. Called and waited for the last hour before talking. Bad to everything Trust me all this time, I hate each ‚Ä¶"
63," I went to deliver the goods early in the morning, so I used the Rabbit points. Redeem 50 baht for delivery fee and pay with Rabbit at Kerry, very nice üòò ‚Ä¶"
64," Very bad, our box is damaged, the jack gave us a new one, but took a lot of ours. Our items are not very complete. ‚Ä¶"
65,Don‚Äôt call it Live Chat when it comes with AI. They can not answer me any questions I want to know. It‚Äôs useless
66, Running is very slow compared to other transport. Suggest shops to change to a new bus station ‚Ä¶
67," Wait for fresh fruit to send status. Employees are coming and sending since 19 until 20 shift has passed and no one has contacted yet. Probably rot in the box, maybe? ‚Ä¶"
68," Terrible staff Make an appointment to go send But not going now, not calling to inform ‚Ä¶"
69, Good service  
70," This company is probably the worst and in terms of shipping, if compared to J&T and Plash, the two of them are much better. The delivery itself is not cheap. I have been discontinued. Many rounds. Lose the feeling. ‚Ä¶"
71," Kerry Ban Phe, Rayong Province, close for lunch L. Need to find a place to send elsewhere ‚Ä¶"
72," Send fruit to Kerry Nakhon Nayok The system said it will be until March 7, 64, but it turns out that there are no employees to deliver goods to customers according to Kerry. There are a lot of products lately, causing ‚Ä¶"
73, A more security system than an airport  
74," Okay, the first time to send.  "
75," Notifying that the product will be delivered today, not waiting until late, the call will not accept this work, service or work. ‚Ä¶"
76," There is a product that needs to be delivered today, parcel number shp xxxxxxxxx, tracking delivery status, saying that it has been shipped. With a signature But I haven't received it yet. There are people waiting to ‚Ä¶"
77," Hello, I usually use the service of the nearest Kerry branch in Bangkok. It is always good .. But now I have to go to Pong Nam Ron, but still have to deliver the products to customers as before. Confidence in Kerry ‚Ä¶"
78," I called two rounds, the staff will follow me to wait until the evening has not yet called the staff to tell me when to send. ‚Ä¶"
79," Did not receive the item, but someone signed it. I do not know who. So why didn't the parcel call? ‚Ä¶"
80," Details checked That the product has arrived But the product did not see it. What do I have to do next? Sin started exporting from the 27th day. Today, day 7, and still haven't seen ‚Ä¶"
81,One star because I don‚Äôt like their service today. They didn‚Äôt accept my passport picture on my phone today because they need the original one but i‚Äôve been trying to do it many times before whenever I am sending a package. I don‚Äôt know if there‚Äôs new regulations. Educate me!!
82, Terrible. Close.  
83," The staff delivered the goods home But accidentally did not give grandmother money The staff called us to deliver the goods to our house, answered the call and asked if the money could be transferred. The staff ‚Ä¶"
84," Souvenirs delivered to Tak Don Chedi on January 5, 2021 Time around 15.00 Today, 6 Jan 2031 at 4 p.m. ‚Ä¶"
85, Very bad service Arbitrary delay delivery Do you train staff? ‚Ä¶
86, Date 31 December 63 The delivery staff called to ask us if we are ready to receive the product. So I replied that I wasn't ready. Because going to other provinces Therefore I would like to postpone the 4th day of ‚Ä¶
87," Department of labor to deliver goods, have to deliver things to the front of the house Not deposited in the village law I told many times and still do. There are 2 people, one sent to the house every time. Thank you ‚Ä¶"
88," Terrible - worst According to the parcel which is overdue In the morning, I was told that the staff would contact you back, it was silent again. More importantly, let's wait for the parcel. There is no movement what ‚Ä¶"
89," Slow delivery as a nation The service staff is terrible, the transportation is extremely bad, the more you use the service every day, the worse the service Call according to the call center, wait for the call as a ‚Ä¶"
90," Delivery from December 4 to Phuket destination. 4 days have not received the item, call, no staff to answer the call, send the parcel tracking number to Chaiyaphum, very confused. ‚Ä¶"
91," About almost 5 days, write all the details, but not complete, not responsible, call to not answer ‚Ä¶"
92, There are no major office phone numbers and the staff answer the phone at 11am. ‚Ä¶
93, Good service Quick and fast. ‚Ä¶
94," Today, I met myself, what is it for today? Very bad work. Delivery since yesterday at nine o'clock. Arrived in Bangkok at fifty and fifty customers waited all day. Call the employee's check. Tell them to call to ask. ‚Ä¶"
95," Curry in the latter part, poor service. "
96, very bad  
97," Let it be a table or a suitable drop-off place, not to drop it on the ground. This branch is nice, it has a table that you can reach, you can put it on the table and shoot. But have to grab the writing area for ‚Ä¶"
98, Very good service  
99," If the shop sent the goods since yesterday, but went to check the number and it says no, what is this delivery? ‚Ä¶"
100," The delivery person speaks badly. To find us asking the address, we have already told him but he is not right. Instead, ranting, we should improve. If talking dog is not like this, very bad üëéüëéüëéüëéüëéüëéüëé üëé ‚Ä¶"
101, Good service  
102,The MOST USELESS hotline numbers!!! YOU SENT MY ENVELOPE AT THE WRONG ADDRESS! Called your hotline for a MILLION TIMES still NO FREAKIN ANSWER!
103, Delivery very long damaged goods Sent backboard doing üò°üò°üò°. ‚Ä¶
104, Modern buildings and work spaces The staff spoke good almost everyone who has contacted. Thank you Kerry ‚Ä¶
105," Good service, good advice  "
106," So what? The delivery staff didn't arrive at the room, calling to tell them to walk down to pick up the goods. If the old guy came up to deliver, then he didn't have to come to work. And still going to go down to the ‚Ä¶"
107," Status added, sent this Saturday Until the one who ordered later arrived ‚Ä¶"
108," Meet the fresh, Tulip Squre branch. Take a table for the customer to wrap and fill in the details at the front of the outside door. Allow the customer to wrap the item. Fill in the sun to disinfect the covid 19 ‚Ä¶"
109," So bad Delivery from 7 today. Day 11 has not been received. Can not call any agency Plus looks at the Bangkok warehouse for 3 days, still in the same place. Went to ask at Bang Kadi warehouse to tell the company that ‚Ä¶"
110, Delivery is very slow  
111, Contact did not deliver as late as the worst week.  
112," Kerry Sikhio Shipping Department Terrible Service Items shipped from March 30 until April 1, but have not been delivered to customers. Call and cut the call. Callcenter can only accept the matter. Cannot solve any ‚Ä¶"
113, Good service  
114,Best service
115," Kerry, the most expensive to transport together  "
116," Suck, do not call to inform you that you will be sent. Put the goods in front of the house. Will you put it to the dog for a period? ‚Ä¶"
117," The delivery is very slow, the Thai postage is sometimes faster than when the holidays are reduced during the 3-4 day lazada price reduction. So, pay for the expensive delivery. ‚Ä¶"
118, Fast service Staff intend to provide very good service.  
119," To use the service frequently, convenient to use  "
120," Good work, good fun  "
121,Better to use Thai Post or Alpha or other. Kerry is not safe.
122," Very good service, fast, staff help with the package. And very good advice There are 2 branches with no extensions. ‚Ä¶"
123, do not tell  
124, Worst shipping company in the world  
125," Long wait, slow service, no parking  "
126, very good service  
127," Good service, convenient transportation, near bts Taksin  "
128,You pay a very high price but the delivery is very slow!
129,I booked on the app and was given a 2 hour pickup window. I got a phone call saying they will arrive after that window. Then they asked me how many piecesm again and again and again. Then I canceled the pickup and they kept calling asking ‚Ä¶
130, Good company  
131, Is the office Not receiving parcels  
