,paxel Reviews
0,"JASA PAKET ANEH DAN GA ADA ATTDNYA. KALO SUDAH JAM 10 YA DIKIRM BESOK AJA GA MALEM MALEM NYURUH KURIRNYA KIRIM MENGANGGU, KASIH BATAS PENGIRIMAN KALO KIRA KIRA KEMALEMAN BESOK KAN BISA!"
1," Thank God I had a good experience with Paxel. On time, flat rate and friendly staff. Keep it up, good job! ‚Ä¶"
2," 3 x sending with frozen food facilities but arriving at the destination, the goods are all melted and not cold. That means it's not stored in the freezer as it should be. If you can't provide a freezer, don't provide ‚Ä¶"
3," Items are lost on the way, what kind of courier is not trustworthy with his work, if you really want to be sneaky, it's better to be a thief instead of pretending to be a courier. It's not cheap stuff ‚Ä¶"
4," My package receipt number TPXL-0000000FJRV is missing, I sent it wrong with the courier, the name is Ayik Dedy Pranggodo. What kind of courier doesn't want to be responsible for my signature being faked, you know that ‚Ä¶"
5, Package delivery services in the East Jakarta area. Kel. Balimester is close to the Kampung Melayu terminal ‚Ä¶
6,"the customer service never give me any solution from my first shipment. and now, i got 3 damage packages. please evaluate your service"
7,", but the apps said my package already arrive at 13.50 "
8, Ever received a package for someone else - 1x  Food packages arrived at night and were only put on the terrace without ‚Ä¶
9, slow pick up. can be canceled unilaterally. not reliable  
10, Unsatisfactory service. 1
11," Yesterday, I sent goods via Paxel with no problems. Today said that the goods could not be delivered because the house was out of reach. The choice is to take a taxi or take it yourself... why wasn't it informed at ‚Ä¶"
12, Your package arrived one day  
13, LELET  
14,well done
15," for our package delivery process is currently carried out simultaneously with packages from other customers, Sis, and delivery is carried out in a relay from the origin paxel to the destination paxel home until it is ‚Ä¶"
16," Not a recommendation at all, it's clear that the cream isn't a freezer, but it's been put in a cold cupboard. I don't know if the courier can't read or if there's an element of intent. ‚Ä¶"
17," Bad expedition. They said there was a service for frozen products, so we tried to send our ice cream products. When they reach the customer, they complain when the product arrives damaged and liquid. We submitted a ‚Ä¶"
18, The customer service can only chat WA and this is also a BOT chat. I don't have a number to call :
19," Minus 5 stars. All of my packages went stale, I ordered frozen food but it wasn't cold at all as a result my durian was stale and all sour, then my package was also damaged, I ‚Ä¶"
20, SEVERE BANGET  
21," It's so bad that the delivery of the food contained 2 hours until it was supposed to be, but the food got stale because the delivery delay wasn't clear. I've paid a lot of postage though. Disappointed service! ‚Ä¶"
22," The package is said to be lost, even though the courier has contacted the recipient. CS answers via chat robot, there is not even 1 telephone number that can be ‚Ä¶"
23, The service is good and friendly. After previously I looked for 2 service points in the Matraman area which turned out to be closed ‚Ä¶
24, If there is a 0 star. I give 0. Especially the Bekasi branch office. Ordered 2 times. Both are frozen foods. Arrived after 12 hours from the promised time. ‚Ä¶
25, Send the same day to the day!  Even though send him yogurt! ‚Ä¶
26," Copy and paste receipt from the website, can't be valid. Estimated 6pm. 9 pm has not arrived yet. First and last use this ‚Ä¶"
27, Paxel goods delivery service Ok  
28," The phone is not picked up, the claim is not clear, the transaction has been paid and the transaction has failed ‚Ä¶"
29," Delivery from Tangsel at 8 am using the same day service... it should arrive at night no later than 10 pm, right. Until the next day at 11 noon there was no news. Do not use this delivery service. Because there is no ‚Ä¶"
30, NOT RECOMMENDED. NEVER USE THIS SERVICE. ‚Ä¶
31," Paxel HQ call center, difficult to contact. Called several times, no answer. Please be more cooperative again. ‚Ä¶"
32," the package is still in transit even though it is past the delivery schedule. customer service really can't be reached, WA is really robot and doesn't help. disappointed, will be deleting the app and never use your ‚Ä¶"
33, Greetings to colleagues at the center.... Miss you  
34," Good service, process implemented  "
35, The clothes you want to wear for marriage.. not to bad  
36," Package not received, fake signature, already 2 x sent like this, want a claim. It's hard to ask for this ‚Ä¶"
37," Idk why the item that was sent ""same day"" didn't arrive. Bad service üëéüèªüëéüèªüëéüèªüëéüèªüëéüèªüëéüèª not recommended ‚Ä¶"
38," really bad experience, I ordered using a special service because the drink was easily damaged, arrived at the location on the same day, instead it arrived tomorrow and the drink was DAMAGED. The second experience of ‚Ä¶"
39, The estimated schedule is UNCLEAR. Never even arrived at the destination ‚Ä¶
40, The application is not clear..cs doesn't help..the bot answered first‚Ä¶ it's been queuing for 20 hours before‚Ä¶ CS you have 1 person? It's really bad it's the first time I want to try but this way ... no longer use the ‚Ä¶
41, Not really  
42, Very bad service indeed. I also haven't sent food items at this time. Hub cs said it was awb wrong and took it from email ‚Ä¶
43," Paxel doesn't have a customer center, tell Paxel Emphaty who has absolutely no empathy with my frozen food package. Disappointed at the service ‚Ä¶"
44, The pickup request was suddenly canceled unilaterally. The reason the package is not ready. Even though the package is ready from 6 am. In WA the courier is not polite at all. Many reasons. Hopefully your life is ‚Ä¶
45," SO bad service .. Food was picked up from the 6th, until now it hasn't been delivered, it says no one is home. He said he wanted to send it again but until now it still hasn't been delivered. on WhatsApp there is no ‚Ä¶"
46,I sent 6 packages and they're all perishable foods. They are supposed to be kept in a chiller or freezer. Got a customer complaint that one of my food got spoiled! I though they always put frozen or perishable food in the freezer but ‚Ä¶
47," Very bad .... my order was not picked up, it was difficult to contact ... unprofessional ‚Ä¶"
48, There is no contact who can be contacted if the package is late or lost. CS via wa or email has no response. Paraaaahhhhhh ‚Ä¶
49, Lousy. My package is from May 8th until now it hasn't arrived yet. Even though it's still the same in Jabodetabek. Contacted CS is not a solution. Got queue number 20 continues from yesterday until now there has been ‚Ä¶
50," package was not sent, customer service did not respond. very bad. hopefully read by investors and management ‚Ä¶"
51," The package hasn't been seen yet, it's been rejected ... I just came to make a pick-up yet .... Thankfully I want to try using it ... ‚Ä¶"
52,Contact Center is unreachable...
53," CS Whatsapp useless, courteous courteous .. no reply to chat / pick up my phone. Before pickup, there was no chat to introduce myself. ""Hello I am a paxel courier, blah blah"" I immediately called using WA "
54," There is no CS that can be contacted, complaints and tracking packages only via WA or email, that is a sub that is a robot, so that's the answer, what we ask, what is that again, so it's hard but tracking items that ‚Ä¶"
55," It's really bad that the morning pickup set was canceled unilaterally by the courier because I couldn't find the address of the pickup, the courier didn't call / wait, just played cancel. Just say lazy to pick up if ‚Ä¶"
56,No CS at all!!!!! Package late for more then 40 hours and still not delivered although paxel says it's delivered. Proof of delivery: a black picture and signature is a cross. This company is a big fraud ‚Ä¶
57,"VERY DISAPPOINTING SERVICES, NOT RELIABLE AND THE CONTACT SUPPORT ALSO VERY DIFFICULT TO REACH AND GET INFO ABOUT OUR PACKAGE. WHEN YOUR PACKAGE IS LATE TO BE SENT TO YOUR CUSTOMER OR YOUR HOME, THEN YOU'RE DONE! JUST PRAY TO GOD. NO ONE IN PAXEL TEAM wil help you!"
58, really hard to contact the customer service ...  
59," The courier wasn't clear, the package didn't pick up but the status changed and was picked up ‚Ä¶"
60," The service is correct, the CS number has never been responded to, the DM is not read. ‚Ä¶"
61," I ordered a courier from May 4, 2021, which should have arrived on May 5, 2021, I still haven't received it until now, May 8, 2021. Previously, I used this courier service, always on time for the collection and ‚Ä¶"
62," Choose the Paxel service that arrives tomorrow. There was no confirmation from Paxel, until the customer had to look for news to Paxel because the package was supposed to be received on the 4th. ‚Ä¶"
63, Bad .. 2 days of sameday food delivery did not arrive and there was no responsibility. Only told to wait by customer service !! ‚Ä¶
64," I sent the package from May 5, 2021 until now, May 7, 2021, it has not arrived yet, the estimated arrival should be May 5, 2021, 18.00-22.00. The destination for sending to the Bekasi area, I feel like sending it to ‚Ä¶"
65," Paaaarrrrrrraaaahhh Hero whose name is Herlambang is not responsible for Canceling reasons for natural disasters and there is no confirmation, lazy courier Paxel ... Kapok using Paxel ... Paraaaaaah, we who were ‚Ä¶"
66, Service is not good. Meday 2 days has not arrived. Already contacted cs by chat who answered the machine. No solution. Just use this once. Contact the head office too No one picks up ‚Ä¶
67, Severe and super duper bad .. not professional..not on time..no nmr who can be contacted by cm.bs via wa..but it takes a long time at pk.banget ... not recommended at allüëéüëé ‚Ä¶
68, whereas we are still eaiting unntil 23.00. But no sign of delivery
69," Send at 19 pm from jakarta, afternoon at 15.30 have arrived in Surabaya ‚Ä¶"
70," Very bad service. Heronya likes to be lazy to contact the sender so that the shipment is rejected, which is detrimental to the customer. The customer service is not polite. Still incomplete the complaint has been ‚Ä¶"
71," SUPER SERVICE PARAH, ITEMS OFTEN LATE, GOODS NOT IN PICKUP, ARRIVING STATUS TO CHANGE REJEC REASONS THE GOODS ARE NOT READY BY KURALAS COURIER, WHEN STANDBY WAS WAITING FOR THE COURIER TO COME FROM THE GOODS ALREADY ‚Ä¶"
72, Serious service Customer service is very unproffesional to respond. ‚Ä¶
73,"Very bad service, cannot contect any call center, response very late"
74," The courier disappoints me, I have chosen pick up jm 12.00-14.00. the courier asked the pick-up time to be delayed so it was 18.00 - 20.00 with a promise that before breaking the fast, the pick-up was already here. Jm ‚Ä¶"
75," HORRIBLE CS. TAKE PACKAGE, NYASAR, CS GA COOPERATIVE. HQ NUMBER CANNOT BE CONTACTED. ‚Ä¶"
76," This terrible oath was an expedition, picked up from North Jakarta at 9 am, and arrived at the paxel point Pondok Chili at 16.55, I continued to check from 16.55 to 20.30. I see, complain first then move. ‚Ä¶"
77, Keep getting into trouble. I complained many times but never improved. Customer service doesn't help either. ‚Ä¶
78," The expedition is most unclear, there is no telephone number that can be contacted. Wow, I never reply. Very worries both sender and receiver. Couriers are more responsible than companies! The courier is willing to ‚Ä¶"
79," There is no CS / Call Center. There is no wa cs but it is not active. If the courier doesn't find the address the transaction will fail. If the courier doesn't find the address, the address is finished with the ‚Ä¶"
80,the number is always busy !!!!!!!
81, PaxelBox is able to store packages safely without worries ‚Ä¶
82," Send banners, arrive it's Frozen. EM.RHGHBFIL0Q-20210407-2-PYWMLH the complaint is hard to correct ‚Ä¶"
83," very, very irresponsible. My item was almost lost in the mobile phone, and the CS did NOT answer the phone at all, did not reply to wa at all. Until I have to come to one of the phone locations ONLY to ask about the ‚Ä¶"
84," Danger, the original courier sent the person who was not addressed, the status was written as received by the person concerned ‚Ä¶"
85," The phone number that is listed in the HQ or branch can not be on the phone I want to file a payment complaint using Shopee but somehow it doesn't link, so the shipment is not processed but at Shopepay the balance has ‚Ä¶"
86, Very bad service!  
87," no recommendations, what is certain is the delivery of Sameday, today March 2 21 at 20:59 it still hasn't arrived at the destination, and if asked for the answer, try to maximize it ... It's not good to send goods ‚Ä¶"
88," the customer service is really unreliable. whatsapp gadibales-reply, we email instead told to use whatsapp, call the point directly to the area we call also no one picks up. wow, really disappointed. ‚Ä¶"
89," You don't need to be afraid if you need something sudden, send using a mobile as fast and as safe as that. Plus affordable shipping ü§ò ‚Ä¶"
90," I sent a package with Paxil on Thursday, 11 February 2020, picked up at 7 o'clock at night, until today, 14 February 2020 it hasn't arrived, even though the distance is only 50km, and I've contacted customer service ‚Ä¶"
91, The delivery of the package from 4 days was not completed either. Really bad. WA was only told to queue until the order of 1900+ was steady ‚Ä¶
92, Delivery not on schedule. Customer service cannot be reached. Via WhatsApp slow response. Entered the expedition blacklist after AnterAja and JNE. ‚Ä¶
93, CHEATER! No need to use the service. The SAME DAY discourse. Until H + 1 GAK SAMPE SAMPE BOSS! ‚Ä¶
94," long delivery, want to complain must be via wa, that's how the queue is 2,451 ????????? This says I CANNOT COMPLAIN ‚Ä¶"
95,"late to send the package, not professional, does not give confirmation when the package will arrive, customer service can't be reached"
96,Bad service dont use this expedition anymore.
97," It's been 2 days in a row that the paxel has been disappointed, sending Jabodetabek has been more than 24 hours, the goods haven't arrived, today the status of the package has been taken, but now no paxel has come, ‚Ä¶"
98," the call center service is very bad, giving cheap prices but completely ignoring customer service. The same day package does not arrive until you wait until 9pm ‚Ä¶"
99," The goods were sent 48 hours before they had the contents of the food, complaints to the WA Chat were only answered with a standard answer. Delivery status: unsuccessful to send because the recipient could not be ‚Ä¶"
100," Paraah, if there are 0 stars I give 0 BIG. the wrong package has been taken and the real item hasn't been delivered for days. CS also doesn't help ‚Ä¶"
101, The waiter is friendly  
102, SEVERE!!  
103, Security is cooperative. Very helpful to tell our needs. The staff he received were also very welcome to me. ‚Ä¶
104," I have used paxel for the Jabodetabek area 3 times and have always been satisfied. It's good to just wait at home, send, the goods arrive according to the promised hour. Another cheap price. ‚Ä¶"
105, There is no detailed description of goods where and what number can be contacted. There is no customer service number for complaint. My item was sent but it didn't arrive üò°üò° ‚Ä¶
106,Such a bad service. It will be my first and LAST experience!  Chat CS pun ga dibales2. Same day dari mana üôÑ
107,"48 hours later, no response from the HQ. WHAT KIND OF SERVICE THAT PAXEL GIVES IS A TRAUMA"
108,"Worst service ever! Given that u promote that sameday delivery yet 28 hours later, my package didn't arrive to the destination and also your customer service seemed like a robot! No telephone number that can be called. Please improve your service!"
109," Delivery until 10 pm, 8 pm has been canceled, the reason for the address is not complete, in the application it has been written, the item has already been printed on paper as big as gaban with details, CS service via ‚Ä¶"
110," Paxel courier sent the wrong package, until now since November 8 there is no solution even though I have compensated the customer for the loss. Whereas my customer package where is it now. ‚Ä¶"
111, Reasonable  
112, SHOCKED STOPPING HERE THE COMPLAINTS ARE STILLED. PAXEL IS JUST A BEAUTIFUL APPLICATION TP BAD SERVICE. ENOUGH ENOUGH THIS LAST TIME I USED THE SERVICES YOU ARE THAT AMAT TODK RESPONSIBLE. PLEASE PACK MY PACKAGE NI. ‚Ä¶
113, Excellent  
114,Good service..
115, This is where I work. Here are a lot of friends and new people I met. ‚Ä¶
116,"Worst package delivery ever. I bought food from Surabaya to Jakarta not only the food is spoiled, it is deformed! be advise of using this food delivery service they dont handle food with care. Eventhough i purchased their box and everything. Bad service!"
117,"Need hard improvement in CS, delivery and apps"
118, There is no call service? How do you want to complain?  
119," Very bad service! Pay for the 181 thousand package from Bali to Jakarta, the application is listed until 1 day after, it's been 2 days and it hasn't arrived. Customer service just said it would be a refund, not a ‚Ä¶"
120, I just received a shipment from paxel for the purchase of uncle rumi empek. Items are placed in front of the door without knocking or the doorbell spies out. Lgs he pressed DONE the package was received by me myself. ‚Ä¶
121," Recently, I didn't send a package using Sameday until 10 o'clock tonight !! it should have arrived, know how to do it like this, no longer using a paxel, it's better to use a gojek or grab the sameday. The rates are ‚Ä¶"
122," Forgetting the pin and wanting to change the cellphone number it is very difficult, the CS can't be on dm Instagram, I want to use WhatsApp which is answered by the robot, ampunnn and limited options ‚Ä¶"
123, same day delivered.
124," In the Food package, the same day messages are not delivered, the reason for the address is incomplete, even though it is still in the Jakarta area. ‚Ä¶"
125, Deliver Kindness ...  
126," The goods that I sent should have arrived on the same day, but this was delayed until the next day the goods were still in transit, even though they were still the same in Jakarta, I sent them from the cell to the ‚Ä¶"
127,"Bad experience with Paxel Home Rawamangun, slow response. Please improve your service and customer service."
128," Worse, the food package for 2 days did not arrive, the CS was not answered. Please fix it. ‚Ä¶"
129, Really bad .. the item didn't arrive .. no explanation. The customer is hanged ... not recommended at all ... if I can give minus ... I'll give -5 ‚Ä¶
130," Very disappointing. The item didn't arrive. And they can't track the goods either. From morning to evening the goods are only in the baby, not moving at all. Contacted difficult. ‚Ä¶"
131," There is no number that can be contacted, claim it has been 4 months there is no follow-up, only limited to WA. But it can operate without a call center. Need to be informed about YLKI protection. It turns out that ‚Ä¶"
132," My package was swapped !! crazy, there is already a clear address even though in the boxes of the packages. Can you tap one Jakarta and one Bandung? CS no one answered the phone. WA slow response. Crazy really !!! Not ‚Ä¶"
133," Don't lie. I am waiting for the goods from Bandung, the promise will be until 30 Jul 2020 at the latest at 22.00 until the 31 July 2020 I have not received them. Already in the system you say that the goods are sent ‚Ä¶"
134, Males wrote out of her frustration  
135, Okay  
136," The status of the shipment has been received and it is signed that I don't even know who it is, my family or myself don't feel like I received the package, even though it contains frozen food. CS response took too ‚Ä¶"
137," disappointing. the package which should have arrived 2 days, is late for days .. even though it was clearly written that it was FOOD. on the first day he said he was lost .. wrong district .. now there is google maps ‚Ä¶"
138," very comfortable using a paxel ,,,, on time. if there is damage to the goods can claim compensation .... tx paxel ‚Ä¶"
139, This is the call center on the busy phone and the telephone number listed here. and on the website there is no call center number. shipping costs are cheap but the service is poor too. there's only WA chat. and the ‚Ä¶
140," It took a long time to send, even though I was a Jabodetabek fellow. Though a food shipment. They are completely unaware that it must be faster. The price is also not cheap. Expensive even. Couriers are also not ‚Ä¶"
141, An employee named Erik S Clepto  
142, May my food delivered to me arrive and not rot on the road. Waiting until 10 pm doesn't arrive either ... üòµ ‚Ä¶
143, At 11:13 we asked for Paxel but the courier confirmed that the HP unit pickup could not be sent to the recipient's address today and asked to be revoked because the unit could not be taken to the office for reasons of ‚Ä¶
144,"If Google has minus star, I would have given them minus. So so so bad. What kind of logistic company doesn‚Äôt have customer service? I have called, I screamed, I have given 1 star on Appstore. Same day delivery is exist only in their dreams."
145, Delivery service with PRANK flavor. Send Cibubur package to duren palm already 2 days until it arrived ... FIX I will share this shipping service in my group so that I don't use this ‚Ä¶
146," First time using Paxel, send Friday afternoon at 12, tomorrow Saturday morning at 8 paxel already called by a courier who turned out to have been in front of the house. Second time using Paxel's services, today send ‚Ä¶"
147," he said sent the same day. then given a visit. look at the review, it turns out it's not right. don't bother using it. ‚Ä¶"
148, My frozen food package didn't arrive in 1 day  
149," the first order of the courier didn't arrive awaiting from 8-10 in the morning and when it arrived I was told to cancel the order, and yesterday the order was again at 10 am and said until that day but until now it ‚Ä¶"
150," It has happened 3 times, I have packed a neat package and bubble wrap, but until the consumer is already dented and who knows where wet contact with water, but send dry food. Poor customer service via WhatsApp and ‚Ä¶"
151, Super bad experience. The package was lost and the tracking and complaints were very difficult. Not recommended at all ‚Ä¶
152, Very easy to find  
153," Several times using Paxel's services, but this last time I was really disappointed because the package was scheduled to be kicked up at 8-10 am but until 11.00 there was no pick up. Trying to contact several paxel ‚Ä¶"
154, How do you complain? Nothing to call? My customers have asked for compensation because the package hasn't arrived ... it's already out of estimation ‚Ä¶
155, Paxel is hard to contact. Says the same day. It has been over 14 hours since the item arrived. There is no number to call again. ‚Ä¶
156," if it does not cover the district area, at the time of pick up, please do not accept. the origin of the pick up. please pay attention to the note and address of the recipient. until the time of collection, invite the ‚Ä¶"
157, Fill in the problem balance. Don't enter On the phone many times not picked up. Hmmmmm. Kapok ‚Ä¶
158," it's better to use other shipping, rendang mamak, I'm missing, after accusing me of an exact paxel with depok, finally it's been a week until the buyer asks for the money back :"
159,Unprofessional customer service.
160, Good  
161," Very bad service, often order but refused only.  "
162, This morning I just sent 3 orders 1 arrived but it turns out that it was exchanged with other org packages so far there is no PAXEL party that can be contacted where there is no CS about what this service is so I ‚Ä¶
163," How do I have this package for 2 days, it's not clear !! CS is not active all ... Where to complain? ‚Ä¶"
164," Worse, the package arrived 1 day later and after being confirmed the reason was full and my food package was said to have been stored in the fridge but after arriving the situation was no longer stressful and sour. ‚Ä¶"
165, I Sodara pastries powdered  
166, sibce 2 pm. We are frustrated with this bad service....not recommended at all.....choose other courier aervice to avoid headache....Paxel is very bad service...bad....bad
167,"Cancelation pick up without notification, customer service not pick up the phone, wa channel operate by system but not helping at all. Very bad experience and behaviour"
168," very bad! abi I sent Eid parcel from the 20th of May with sameday service from south tangerang to north jakarta I have not received the package until now, but on the 22nd the status has been confirmed at the same ‚Ä¶"
169," Difficult to contact, there is a WA who answered the robot, was approached to the pool, the clerk actually didn't need to use Paxel! It's crazy ... ‚Ä¶"
170," The items sent are not suitable, exchanged with other people. CS cannot be contacted ‚Ä¶"
171," Disappointing. Frozen food packages are not sent to the point. In the courier application, it has been received, where the recipient's signature is forged. Complaints via Customer Empathy are also useless because they ‚Ä¶"
172, I must have received the item not until 24 hours 
173,"Order a same day, i repeat same day service but until 5 days later never arrived to designated address. Please please someone can we claim the insurance that they stated on the app up to 10 mio? ‚Ä¶"
174," HELLO PAXEL, PLEASE DONG MY PACKAGE SHOULD HAVE BEEN SAMPEED FROM YESTERDAY WEEK SORE BUT SAMPE MONDAY THIS AFTERNOON HOW DO NOT THERE ARE NEWS YAAA ??? !!! THAT'S THE FILL OF THE FOOD IF THE COURSE IS NOT WHAT IS ‚Ä¶"
175, Very bad service. Item not sent. Said it was sent. Complaints not responded. ‚Ä¶
176," Goods are taken on the 23rd morning, scheduled to arrive at the destination on the 23rd night. Pick up is safe, it's still in the scheduled time range. But, suddenly the next morning when checked on the application, ‚Ä¶"
177,"Do not, I repeat, DO NOT use this service. Unreliable. Especially for frozen food seller. Next day delivery exists only in their imagination. No reliable customer service, only their stupid bot sending the same response over and over again. Claim doesnt work. All in all, try other shipping services!"
178," Send food, I haven't arrived in 4 days, it's already rotten. ‚Ä¶"
179," My package was popped up from ciputat at 10.30 on May 22, 2020. The promise arrived at the cinere delivery location at a maximum of 22.00. Until noon on May 23, 2020 the package hasn't arrived at its destination. Even ‚Ä¶"
180, First and last time using this service. Disappointing and unclear customer service ‚Ä¶
181," Using the bogor pay sameday package since 20 May 2020, until 23 May 2020 it hasn't arrived. Check your online status until 20 May 2020 even though it hasn't arrived yet. Report via wa is always asked for the receipt ‚Ä¶"
182," Why pay more expensive with the same duration as usual expedition services? There is no such thing as SAMEDAY, ahead of Eid rather than preparing to face a ‚Ä¶"
183, Let me explain in Indonesian !!! I AM DISAPPOINTED!!!! PICK UP MORNING 9 HOURS AND 10 HOURS NEW SAMPE IN DESTINATION OF ALL CHRONOLOGY ON THE SAME DAY. MY PACKAGES 12 HOURS NO EXPLANATION OF CS ‚Ä¶
184," It's a mess the status has been received, there is a picture of everything, even though the package didn't arrive, there was no recipient's name, there was no signature, it was also difficult to complain ... to 2 ‚Ä¶"
185," I sent the item on May 18, and the courier was taken, estimated the item until the 19th, because it was out of town. It turned out that it had just arrived outside the city on the 20th, and now on the 22nd, it had not ‚Ä¶"
186," without box, as the seller was sending it with individual bubble wrap and put inside box. When i received it was in shopping plastic bag with bubble wrap, no box at all. Really not a recomended courier."
187," Poorkkkkkkk once .. delivery in Bolang Sameday if in the city, ehh already 3 days my customer did not receive the goods ... for delivery on the 19th night, pick up on the 20th morning on 21 pg to 21 hours 9.56 ‚Ä¶"
188," In the past, using Paxel was okay, but nowadays Paxel is really bad. Missed pick-up can be more than 1 day or not, customer service is 0 BIG. Not responsive, not bale at all. How busy is that? Sad to top up my ‚Ä¶"
189, Bad ... detrimental to people's efforts  
190," How is this my package has not been sent on 16, estimated at 17 noon until, but there is no item until now, ask for an explanation from the PH paxel as well as slow respond, and keep on passing the oper .... Not ‚Ä¶"
191," What's my package, I don't have it in 3 days already, the courier number is okke yunisyar 082260755405, where is the Eid cake again, I don't have any cake, I guess the courier doesn't have a cake for Lebaran, just ‚Ä¶"
192," This is very bad, paxel !! This service is not really clear ... the balance has been cut off ... but the packet collection has not been taken ... from Wednesday ... back Thursday, Thursday ... the hour of taking is ‚Ä¶"
193,"It‚Äôs been 2 days my package is stuck in Jatinegara, No hero pick up my package. I think Paxel can‚Äôt handle overload shipment in this pandemic situation. so many bad reviews abot the delay shipment. costumer services is never responds. I wish paxel could fix it, so costumers can enjoy the services so well."
194, wonder the company is still open. anyone who gives a 5 star must be an employee ‚Ä¶
195, The worst shipping service I have ever used. He said same day. But this has been in transit for 3 days and the status continues. In contact via DM the answer is stuck if you wait a long time taken take it yourself. ‚Ä¶
196," do not use the service from paxel, unprofessional, the goods that I want to send to the buyer do not arrive, check receipts already in ciracas when I come to ciracas those who are out of responsibility, I WA courier ‚Ä¶"
197," Tuesday 19 May 2020, Friends said that there will be a package via Paxel, until 22:00. Confirm if you should be late or stray so I don't have to stay up late to wait. While the package that my friend sent to Cipondoh ‚Ä¶"
198," Yesterday I sent food. Picked up Tuesday morning at 9, the application is written estimated until 18-22. Today is Wednesday at 6:00 pm and not yet received. Maybe the pemoek has become peuyeum. Wa-in help button not ‚Ä¶"
199, How much is this? The 2-day package did not arrive even though I was from West Jakarta to South Jakarta ‚Ä¶
200," Just waiting for the logistics competitor sameday Jabodetabek flat rate can die Paxel if the service is still like this. Please improve, especially in the CUSTOMER SERVICE section. Customers have the right to know the ‚Ä¶"
201, Gilaaaa this apk .. There is no responsibility no response ... ‚Ä¶
202, the prize program for the February to March period is unclear when it will be distributed ‚Ä¶
203," Where's the prize for the love program, it's been 2 months waiting for no clarity, he said, max 20 days today, but there's no news whatsoever, the beginning should be in April on the 21st, the drawback is back until ‚Ä¶"
204,"Ordered sameday service, but always got the package on the following day..their ‚Äúsameday‚Äù service is not recommended for food/frozen food..."
205, The shipment is not clear until where even though it has passed the due time and no one can be contacted. ‚Ä¶
206, The first time using this expedition was disappointed extraordinary ... ‚Ä¶
207," I regret not reading the evaluations here before using Paxel's services. More or less the same as the bad experience experienced by most people here, sending packages to 2 different places, one that arrived, did not ‚Ä¶"
208," The first experience using paxel, sent from Bogor on May 18, was popped up at 9 am, heading to Kelapa Gading. May 18, the status of the package application arrives, but the recipient confirms that the package has not ‚Ä¶"
209," CS phones are always busy. The package doesn't know where it is, tracking can't be trusted. There are alesannya. Outside the service area, empty houses, broken packages etc. If it's outside the area, you can't choose ‚Ä¶"
210, My item is missing / knocked over to another smc ... does anyone know if you want to complain? I wa g there is a response .. thank you ‚Ä¶
211," Last Saturday my package was lost, all contents were important documents, no follow up until now. where to contact can not, this greatly affects my work. Paxel's responsibility please !! I am very disappointed and to ‚Ä¶"
212,", the driver keep message me he will reject my package if I dont' ‚Ä¶"
213," don't recommend, try sending froze food to customers using paxel, when the same day arrives, I ordered from malem, and the pick is taken tomorrow morning, tomorrow morning at 8-10, no one picks up, at 11 I get the ‚Ä¶"
214," Paxel is in warl street. My house is in jl al mujahidin cipinang village. Estimated until the package on May 16 at 22:00, obviously until the 17th of the morning there is no package arrived. Package contents of frozen ‚Ä¶"
215, for those who know and who want to know how close the location can be google. Paxel is in warl street. My house is in jl al mujahidin cipinang village. Package contents of frozen food 
216," BAD services, bad handling problems, really really bad. have used the Paxel shipping service twice. Always ngaret of the maximum estimates listed in the application. The second time it was estimated that until May 16 ‚Ä¶"
217, First and last ... Enough.  
218," There is no customer service, and no responsibility if the shipment is damaged and does not arrive ‚Ä¶"
219," really bad, twice packet loss and very long delay is not according to the specified time. Very disappointing ... but that's merchandise. not professional ‚Ä¶"
220, Embarrassing ... No telephone number can not be contacted ‚Ä¶
221, PAXEL Highly Not Recommended .. !!! First use LGG kapok.  Goods promised to arrive in a day. My overnight estimation arrived but it didn't ‚Ä¶
222," ITEMS ARE NOT UNTIL, HIS CS IS NOT RAISED, IN WA NOT REPLY, IN DM INSTAGRAM NO RESPOND. HARM ONCE. ‚Ä¶"
223, I repeatedly used paxel this time the package was rejected with the reason the courier waited tll a long time even though the courier never came. How to wait. I always prepared the package. Because we sell frozen ‚Ä¶
224, CS calls are not picked up WhatsApp is not responded to. It's really bad. ‚Ä¶
225," The customer service service is VERY BAD. My cake package did not reach the buyer, with the wrong address. Even though the address is right. Then when I deal with WA even for complaints, CS doesn't respond at all. ‚Ä¶"
226," I swear if I can give minus I will give minus. don't ever use this logistics, for you to know .. i've ordered the goods from 1 week ago, the first thing wasn't taken was because the goods were not ready .. ‚Ä¶"
227,"Due to the pandemi covid, more people keep using the shipping delivery. Paxel seems not ready to anticipate this situation. Few times cancelled my orders, long delayed for pick up..until now 1 of my orders not on track schedule. ‚Ä¶"
228," Kapok using this, even though as the recipient, the seller sends via paxel promised the same day delivered at 6-10 mlm in fact until today "
229," Competitive prices, frozen parcel  "
230,"Send 2 fresh drink packages, 1 of them not delivered on the same day even though the estimation said it would be on same day and the other is  spoilt"
231," My package was taken from May 11, max estimate arrived at the destination at 10pm but until now it has not arrived yet and none of the parties from Paxel contacted me. After tracking, I haven't even sent it yet, it's ‚Ä¶"
232, hahaha I have topped up 175 thousand rupiahs in a maximum size of 50x50x50? while my suitcase is small in size 50x40x30 the weight doesn't even reach 5kg ‚Ä¶
233, This is your first and last experience with Paxel. Jackpot got scolded by all customers. See paxel review can be trusted with the assumption of correct anther 8 hours. Send frozen food to LOTS of addresses because you ‚Ä¶
234," Dear Paxel, please help with my claim. My frozen food is ruined !!!!!! At wa the impression was thrown here and there. And the response is really long ‚Ä¶"
235,Customer complaint handling really sucks! Unreachable
236, How do you complain about this ??? The customer service waiter is very bad ‚Ä¶
237, No recommendation ... paxel package sent from Bandung to Bekasi. The messenger also wasn't clearly sent wrong either ... finally he was told to take it himself because it was out of reach ... capee dehhhüò° ‚Ä¶
238, Very poor service. Not responsive to customers. There is no customer service number that can be contacted. ‚Ä¶
239," I don't understand what the purpose of the application developer is and what the owners of Paxel are. Dikit2 crashes, hangs, errors, especially when promo ads appear. And it has been going on for a long time in case ‚Ä¶"
240, There is no number that can be contacted for customer service ... please help my package has not arrived at the recipient. How is the solution? ‚Ä¶
241, Be careful if you want to use Paxel. Goods can be lost or damaged and there is no responsibility. Just check customer complaints on Instagram. ‚Ä¶
242,"I HOPE I COULD GIVE A MINUS!!! BAD services, bad handling problems, bad behavior of the crew, i made a shipment for picking up at 8-10AM and the courier was easily cancelled at 10.07AM, how rude? Without giving any options just cancelled my ‚Ä¶"
243," During this time I always use the services of Gosend. And the first time I used Paxel's service was on Saturday, April 24, 2020 "
244," I won't use Paxel, send food on Saturday afternoon until Sunday at 2 am to BSD, really, that far, don't open logistics if you can't afford to arrive on time ‚Ä¶"
245," Yesterday 23April2020 you give 1 star because: 1. My slow call center response and chat were not responded to while my Bolen Kartika Sari package has not been reached yet, ‚Ä¶"
246," Mass goods are sent at 3am! Obviously ""Org dh tdr woy! Crazy for two days, it's not like"" God, I'm not bouncy! I don't have any responsibility, I called my credit card, I didn't pick it up. ""Also at the point, I mean ‚Ä¶"
247, I was disappointed .. Just started the Dimsum business and from salemba delivery sdn coconut hut 10 pick up at 8 am to 9 pm it hasn't arrived yet .. Astagfirullah how is this the responsibility .. I lost .. The ‚Ä¶
248," Severe!! Already many times it is always disappointing let alone the track and bw frozen food .. given input but there is no change üò† the service between the sender, paxel, and the destination must be connected ‚Ä¶"
249, On the phone hundreds of x can't be resentful. The package hasn't been written yet. Tuyul.x who received the package at 3 am. Parahhhüôà ‚Ä¶
250," I sent food to Jakarta from Tangerang until 1 2 pm, it hasn't arrived yet ... I sell it ... after I complained with my customers ... it can't be the same day ... change the same day slogan ... don't make people ‚Ä¶"
251,"BAD SERVICE! Never get a response from Customer Service, tracking wasa delayed, my items never arrived and insurance claim didnt also didnt get a response. They use to be good but not anymore, the Company is not ready to serve more customer and they have eyes on the money but not the customer."
252,"Bad service, not contactable. Driver not contact the recipient for info, and the package didn't arrive at same day."
253,Nice paxel
254, For what people are still told to top up but can not shop with paxel balance can only send goods ‚Ä¶
255," bapukkkkk service ... said sameday until 2 days the status was still on the way, even in the status said the recipient was not answered, just go crazy at 3 am where there are people who are still literate ... ‚Ä¶"
256," Undeliverd package. With information there is no one at home. But when asked to the recipient, he was at home. Couriers don't call first. It's been 4 days yet. Phone to paxel has never been lifted. WA is not replied ‚Ä¶"
257,"good services ,low prices and on time"
258," Download this application because you are a partner of Mrs. Nanik's fried banana, so you dare to download and top up your paxel balance. After funds were topped up, I tried to join PO, the order was successfully ‚Ä¶"
259," I don't need to use this paxel delivery service ... the delivery period is at 10 am from South Tangerang to West Jakarta, until 9 pm it won't arrive ... it will definitely come tomorrow, even though it's food ... ‚Ä¶"
260,Worst delivery service ever!!!
261,"Really really bad. I got no receive my goods, but they said I received already, with a photo and signature. Hahaha crazy. All my comrades, please don't choose this bloody delivery app. You will be regret just like me."
262,"I couldn't be more DISSAPOINTED at Paxel's service. The pick up courrier in charge at Pejuang, Bekasi 17131 has no attitude in doing his job when he just left without any notice or permission while we still wrapping our package. And he just ‚Ä¶"
263, if at PT Satria Nugra Sejati from 2002 - 2003 and Internship at PT Jakrta Loyd from 2004 - 2007 ‚Ä¶
264," Very difficult to contact customer service, none of the communication access that was successfully contacted ‚Ä¶"
265, DISABLED APPLICATIONS. TLOL !!!! DRAGON INFONSIBLE SALARY. CALL CENTER GA GAINED. WA GA DIBALES. MY BALANCE REDUCED DRIVER GA TAKE THE PACKAGE BUT IT'S WRITTEN THE WRITING HAS BEEN TAKEN. APPLICATIONS GBLOK DOG KSEL ‚Ä¶
266, Bad Service! Look for other and more trusted courier services. I sent the item but the item didn't arrive to my customer. Trs I want to complain is not picked up the phone and there is no online chat room for the ‚Ä¶
267," Initially like to use Paxel, thank God always trustful then yesterday, March 29, 2020, I sent 2 packages with an estimated arrived at the customer at 6 pm ‚Ä¶"
268," The courier is good, fast respond is only from the central party that has no response and customer service who doesn't answer WA chat at all. 2 items are taken together with estimates until 6-8 pm until 21:30 but 1 ‚Ä¶"
269," Estimated to arrive on the same day at 8 p.m. But until the next day, the courier was not responded. Even though the package is a drink that must be drunk immediately / placed in the refrigerator. üëé ‚Ä¶"
270," The pick up schedule was delayed yesterday. Eh send 4 which only arrived at 1, was delayed from the delivery schedule at 8-10 pm, until 10.30 pm and not cold. Though frozen food, from me frozen. And the one from 3 ‚Ä¶"
271," I arranged a pick up from 2 days ago, and apparently it was not taken, I made a new schedule but again was not taken again. Paxel phone also never picked up, very disappointing ‚Ä¶"
272," The package contents were switched, then left too, the handling wasn't responsive ... bad ‚Ä¶"
273,Paxel head quarter indonesia
274," The contact number cs no one picked up, via whatsapp no ‚Äã‚Äãdibls2, I want to send the item so it's not clear the apps are already top up. Do you want to refund money to the bank too, it's unclear !!! ‚Ä¶"
275," Paraaaaahhhhh .. frozen dimsum pick up at 8 in the morning, until now 10 pm not yet arrived. Just from bekasi to survive, not even send it to the moon !!! What a mess you paxel is, it makes a business bankrupt !!! Lu ‚Ä¶"
276," Clean, relax  "
277, Insolent couriers do not want capital to replace packets w packages are brought again at a clear address and there is a contact w there is paxel ‚Ä¶
278, A logistics company that's going viral ... hopefully moving forward ‚Ä¶
279," My training place is comfortable, but there's no coffee place. ‚Ä¶"
280," Is a company where the goodness of goodness grows and develops especially for HR and SMEs as well as the surrounding environment, with delivery that includes fast / sameday suitable for small and medium entrepreneurs ‚Ä¶"
281, Nice and comfortable  
282," Very very unprofessional, claim 8 hours it does not apply, when there is a problem instead of looking for a solution instead of silence, if we don't chat admin via wa yes they will be just shut up .. I send packages ‚Ä¶"
283," If you use maps, it's not the front but the back of the office ‚Ä¶"
284,Paxel
285,"As olshop seller, I hate when the customer asked me to use Paxel. Pick up unreliable, the courier coordinator also rude, ineffective bureaucracy (we have to fill location in the apps, then still have to share loc with the courier ‚Ä¶"
286, LOST PAJET! COURSE SCRATCH!  
287," cs the first call was busy, the second call was not raised many times hadeh ‚Ä¶"
288, Stay in place and cool  
289, Cool  
290, Customer service is not picked up My package is undelivered blom until ... courier is also not hub or wa ‚Ä¶
291,Package undelivered
292, I really like sending wet food using Paxel services. The courier is also friendly. And the package arrived not damaged at all. On time and fast delivery. Send morning until evening / send afternoon until morning ... ‚Ä¶
293, Slow not professional  
294, Send to Tangerang. The explanation can't be. Jabodetabek doesn't include tangerang huh ??? ‚Ä¶
295, There was no call after the test there  
296, Kerennn  
297, Packages are often not pickup Disadvantage as a stall owner Which caused a cancellation ‚Ä¶
298, The call center has gotten worse many times Calling no answer ... ‚Ä¶
299, HQ on the phone no one picked up  
300," Sy, because the food package and clothes to Bali at the time of the house at 08.30 in the morning the item arrived in Bali at 19.00, amazing fix will be a subscription with the flat, no loss and ontime this is so ‚Ä¶"
301, Severe severe. paxel ... my package is packed. n it's already a hub for Paxel people can't. wa not in reply. ig also no response ‚Ä¶
302," location that is easy to find, quite neat and clean the building or office ‚Ä¶"
303," Trash, the package doesn't arrive until 8 pm-10pm, until 8 am the next day it doesn't arrive! Pdhl package needed !!! ‚Ä¶"
304," My package finally arrived at its destination after 3 days without information. But still give up using Paxel services because the service is not as promised and especially the customer service is very bad, so as a ‚Ä¶"
305," The packet is lost somewhere, the claim is difficult and there is no telephone number to call. all not lifted. careful day ‚Ä¶"
306," New logistics services. Offering same-day shipping. Calculations are not based on weight, but on volume. Because startup, the office was up to date. It contained mostly young people. T-shirts, jeans, sneakers. Good ‚Ä¶"
307," I got a selection call on Paxel HQ on Sunday, my question is whether on Sunday the office is open / received interview. ‚Ä¶"
308," Hadeuh ... What a mess, Paxel, the status from morning is still on the way, even though it's already very close. They say it's only 8 hours in fact it's been 19 hours the package hasn't arrived. Clap jidaattt ‚Ä¶"
309, IT IS VERY DISAPPEARED BY THIS EXPEDITION. ALWAYS TOO LATE PIC AUP GOODS UNTIL AUTOMATIC LENSEL ORDERAN GOODS ‚Ä¶
310," The package didn't arrive for days, even though it was food, it finally stale. If the EMM is not ready the management will not be difficult to make a logistics business! Really all the management! ‚Ä¶"
311," I am a pelapak in Bukalapak. Buyers buy products on 4 November 2019 using the paxel expedition service, after I pack the goods and search for package pickup, and until now on 7 November ‚Ä¶"
312," We don't know if the complaint is because the number listed on Google is repeated in the phone and the phone is not up, wa cs gag d bales2, comments ig gag is responding. ‚Ä¶"
313," The person came, the package was TDK in pickup, the helmet was pickup ‚Ä¶"
314," Send 2 packages ,, 31 Oct .. 22 are picked up together .. but the new arrived 1 package, even then 2 .. 1 package again does not come until now ... ALWAYS 5 DAYS BOOOSSSS !!! It's food, if it's stale and broken, what? ‚Ä¶"
315," Sending from Pejaten to Priuk takes 3 days han Ongoing is unclear ... All CS from Instagram and WA have no reply. Bad Respond with Answer ""bot"" ‚Ä¶"
316," I bought food for the purposes of the competition in Bukalapak by sending SAME DAY paxel at 8 am, I chose paxel because it was cheaper than grabsend and Gosend with the promise to be the fastest. BUT it turns out that ‚Ä¶"
317," yes the driver is great, 3.31 PM otw to our place then 3.31 PM has also arrived, there is already a door where right now? Hehehe ‚Ä¶"
318," I love 1 star, I'm very disappointed. During the shipping service there is no CS number to call. via Whatsapp, the CS is slow in response to slow response. I made an order on paxel on November 1, he said that he would ‚Ä¶"
319, it's been 2 days my package didn't arrive. there is nothing that can be used to give an explanation. severe. need to give a free promo if you haven't prepared a lot of fleets !!!! so annoying consumers. Sy as the ‚Ä¶
320, It's better to use a gojek / grab .. This one is the same as zzzzzz ‚Ä¶
321," Disappointed 8-10 hours estimation, I dri order from 29 hours 5 Afternoon until the date has not yet arrived the goods. ‚Ä¶"
322," Very disappointed this time the same as Paxel, delivery date 26 hours 11 am with an estimate until 8-10 pm but until 27 October the goods have not arrived. Updated estimates until 8-10 in the morning on 27 but until 2 ‚Ä¶"
323, Don't use Paxel. Guaranteed disappointed. Same day expensive pay for 2 days has not been taken. Better look for another expedition ‚Ä¶
324, Not clear  
325," Yesterday, I gave a 1 star review, but the complaint was responded by Paxel via Wa, that the shipping conditions were indeed overloaded and immediately handled. Thankyou Paxel üòäüôèüèª ‚Ä¶"
326," Use poor paxel services, right, every time we get an order, no pickup will come, and only we receive our goods that are washed away ‚Ä¶"
327," I regret using this service, the item hasn't been pickup in 2 days. same day but 2 days before pickup, this expedition will not last long ‚Ä¶"
328," What's the same, my stuff hasn't been delivered yet, even though the goods arrived in Jatinegara from 6:00 AM in the early morning, my location was in Cipinang even though ... ‚Ä¶"
329, This is really dangerous.  
330," SO DISAPPOINTING. DAY 7 OCTOBER MY ORDER TO TAKE MY PACKAGE IN PLAZA INDONESIA, ESTIMATION UNTIL MY RMH DAY 7 OCTOBER BETWEEN HOURS 08.00PM-10.00PM ‚Ä¶"
331, Good  
332," Clean, friendly & professional  "
333, Increasingly ngaret. Not on schedule. Does it get worse and worse the service is used? Please come back to another expedition. ‚Ä¶
334, try to make this one service immediately disappointed .. bad does not match the motto .. 
335," It was very disappointing that the item was waiting not to arrive until after its hours, the computer service took a long time to answer, there was no telephone service ‚Ä¶"
336, Severe for its services to Bogor area Paxel. 4 hours. The items didn't arrive even though they were close. Employees mostly get rich coffee ‚Ä¶
337," Cool the package are not less sophisticated than gosend and grab, no shelter box to store the package without necessarily waiting for a long roundtrip dikurir ‚Ä¶"
338, A few times I have been late ... But it still drops ... Now it's ontime. Keep on ... ‚Ä¶
339, Very bad package so far not really disappointed  
340, Hero paxel training ground  
341," Jakarta Menteng Locker Delivery is not ontime! Shipping from Surabaya is ontime, but it is estimated to arrive in Jakarta until the destination at 10-12 until 14.39 not yet arrived. Though already using the word ‚Ä¶"
342,"I placed the order at around 9 am, paxel came to pick up the good at 4 pm i expected to receive the good at the same day as it is mentioned same day delivery until the next morning i have not received the good..what kind of service is this???"
343," Paxel's courier who picked up my shipment from Duren Tiga was unprofessional. I was scolded because the courier was confused looking for the address, he said it had been 30 minutes to go back to the complex until he ‚Ä¶"
344," Incidentally here again there was an event ... but the office was really nice, the toilets were clean, especially the room on the 5th floor, there was a pantry, musholla, and a comfortable resting place ‚Ä¶"
345, Difficult to contact when complaining  
346," The best sameday package delivery, at a flat price ...  "
347, There is a semin wong  
348,"Amazing customer service, on time, and nice delivery man!! Just awesome - finally delivery that works üòÉ"
349, according to the location point  
350," This is the most bona fide courier service. said one day service, but after 2 days my package didn't arrive and the tracking continued. The customer was angry. and worse, this PAXEL DOES NOT HAVE EMAIL, IG, WA, which ‚Ä¶"
351," Goods delivery services Its management is quite good, the office is located on Jatinegara raya road. But unfortunately the shipping / courier part is not thorough and fast. ‚Ä¶"
352," Disappointed when I fasted, I sent Paxel at 9 o'clock, but the courier had taken it until that day, even if night until GPP ... the next day, jm 7, there is no bro? If it is overloaded, please tell me ... it's better ‚Ä¶"
353," The concept of a modern, minimalist office. I know this place because I often take part in activities from the breathing room at Paxel HQ. ‚Ä¶"
354, wowwwwww  
355," Paxel Indonesia Headquarters, start up cool  "
356, Disappointing to see the big Mango area ...  Today 03/05/19 I want to accept the genius card ... the problem is ‚Ä¶
357, Sameday's out-of-town delivery is only Paxel. Suitable for those who have food businesses ‚Ä¶
358, A good office is just lacking a receptionist  
359, The crew is friendly ... The security is Enjoy .... The room is Modern Minimalist The style of the children today ... Paxel All the best deh Service n The courier service ... ‚Ä¶
360, The head office of my workplace ... Thank you Paxel ‚Ä¶
361,Such A best instant courier to have!!
362,Office building
363, Very bad  
364," My office is comfortable with a contemporary design. There is an elevator and there are stairs to go up to the top floor. There is a toilet and air conditioning. When I came here, many new couriers were doing ‚Ä¶"
365, Cool  
366,Good
367," This is the service, the tracking is not correct, the update is late, the goods do not arrive, they say one day service, there is no customer service, no email, ig, wa, all of them are answered! Just win, the price is ‚Ä¶"
368, Starting work today at Paxel Home Bekasi .... hope you feel at home ‚Ä¶
369,Head Office of Paxel
370, steady  
371, The best sameday delivery service  
372," The newest shipping startup that is getting ready to be our shipping partner. Promo offered by them for delivery out of town at the current average rates. The office is brightly lit, with lots of open spaces that take ‚Ä¶"
373, Excellent  
374, This is an office like your own home haha  
375," The office is cool, really young people, there is a cool mural ‚Ä¶"
376," Paxel workplace. Is a workplace that prioritizes the happiness of its employees. It can be seen from the company's slogan, vision and mission. ‚Ä¶"
377, This is the office of Paxel Jatinegara. What is Paxel? Courier service for goods delivery with the same-day time. Orders will arrive in 8 hours. ‚Ä¶
378,"Fast Response, Quick Shipping, Nice UI & UX, Clear information and versatile"
379, Not fun  
380,Nice
381, simple tidy ... clean toilet ...  
382," The place is nice and the building is new, btw all I want to ask, for job vacancies at the HQ paxel office are still open vacancies ?, sorry before I worked at PT. TIKI on the Nugraha Ekakurir route, maybe it can be ‚Ä¶"
383, Large  
384, Large  
385, goodjob  
386, Place of delivery of the same day goods  
387,"After experiences with so many of the other courier services available locally, paxel is by far my favorite. They are professional, couriers are polite and caring and packages get delivered as promised. ‚Ä¶"
388, It's cool  
389, Cool concept of sending the items ... really cheap for Jabodetabek ... hopefully the cities between the islands will also be cheaped ... :
390,Fast Same-Day delivery service & Real-time update
391, The office building is still new ...  
