,Ninjavan TH Reviews
0, Thank you very much  
1,Always wrong delivery!!!  How do you even train your staff? How could you even deliver wrong address every time????? Please train your worker!!!!!!!!
2, The delivery man is very bad. It's the worst transport.  
3, Please call the recipient and send it to the recipient's hand. ‚Ä¶
4," I don't know what other people's are, but mine, 1 day, received items. Very fast delivery. ‚Ä¶"
5, Where do  
6," At first the app said it was shipping. Call the center to ask and tell them it's in the warehouse. After a while, I called to say that I will send it to you today 2/2/65 A few minutes passed. say send failed Allow ‚Ä¶"
7, It's been in Rattanathibet for a long time. will claim to open the new year But others can send it. Can you add staff? will be able to do more efficiently ‚Ä¶
8, Delivered more than 2 days ago and still haven't received it. ‚Ä¶
9,"I don‚Äôt like this ninja Van company delivery staff‚Ä¶. The staff should have common sense that the item is heavy or not‚Ä¶ if the item is heavy, they need to put on the floor. Not inside the small basket‚Ä¶ my small basket is already crooked, ‚Ä¶"
10,Worst company I have dealt with.  delay in delivery.  Difficulty communicating with support
11, .2 This item is from another seller...just the wrong postcode...but only delivered to..Ninja..I just bounced back..... ‚Ä¶
12, send past the specified date  
13," Very slow. From Bangkok, it takes almost 4 days to deliver. If it's fish, it's marinated until it's salty. ‚Ä¶"
14," The worst, the worst, the delivery does not reach the customer's hand. Thomas came only for 4 seconds. and leave it to someone else Then Master tells us one more time. claiming that we can't contact us and hurry back ‚Ä¶"
15, Rattaphum Branch  
16," The service is very bad, the staff sign their own but do not receive the item. ‚Ä¶"
17," Rama 4 branch, why do you keep stuff? Why didn't you send it and tell me the wrong address, some wrong phone number? The status check is up but I can't contact the recipient. What is it? I'm waiting for items. Hurry ‚Ä¶"
18, Order online from the shop and deliver with this company. I encountered the problem of failing to send all 4 rounds. It's very bad. Very slow. I don't understand how to fail. ‚Ä¶
19," Very bad, hit things back, didn't say a word.  "
20," Waiting for the parcel for a long time, the staff said the car was broken, so they didn't come to deliver the items on the scheduled day and wait for the next day delivery like this? Is there only one sender? ‚Ä¶"
21, Paid but didn't get the product and the staff came in to pick up the items in the house and left. ‚Ä¶
22," It's a very poor management company. The delivery worker is very tired and tired. Only a few baht per piece. If you have a holiday, you can't stop. You get broken. No reason. Telling the reason is like sending it to a ‚Ä¶"
23," Tell me that the parcel has been delivered. Where did you send it to, you signed the parcel yourself or you dropped the parcel, I don't know what the fuck ‚Ä¶"
24, Very slow delivery 
25," Sent by a pod. That pan. That's good news that it's growing 3 times. Spit. I recommend you to go to work with other camps. Kerry, JT, etc., come to Khon Kaen. He never exceeds 3 times. Jak An. There is only this camp. ‚Ä¶"
26, very bad  
27," Really bad. Management is very bad. Items have arrived for 3 days. Still haven't received the item. Check the status. Can't contact the recipient. Which way do you contact? Mail or telegram, always carry phone because ‚Ä¶"
28," Very slow delivery, status information is not updated at all. ‚Ä¶"
29," SHNV085531120 The customer is waiting for the parcel at home all day. Checking the parcel, it says that the customer has changed the delivery date and time. The person who is waiting is waiting for the transport staff ‚Ä¶"
30, Slowly  
31," It's been a week and I still haven't been able to. Check the parcel number, there is no movement at all. There is nothing that can be contacted to help at all. It's really the worst of the transportation system. ‚Ä¶"
32," Very late, made an appointment today.  "
33, Sucks. Slow delivery. Pickled items. No delivery. I do not recommend using this transportation service. It's a waste of time. Stop using the name Ninja. It's not appropriate. Changing to a logistic turtle should be ‚Ä¶
34, The parcel was unpacked.  
35, nice big warehouse  
36," Pickled items are very good, don't send items, don't call, the latest we ordered has been bounced back to the sender to wait for 7 days. Very bad. ‚Ä¶"
37, There is a subsidiary in Kasetsomboon District. Chaiyaphum Province? ‚Ä¶
38," The product came in unpacked the box and it looked broken. The ordered item was not exactly the same, it was enough to see that the product was broken again. ‚Ä¶"
39, Not able to deliver but claiming to be unable to call the recipient even though there is no incoming call ‚Ä¶
40, Bangchak Branch. Products are delivered very quickly. Polite staff. Call to inform before coming to deliver. ‚Ä¶
41," The delivery staff did not arrive, did not contact the customer, did not come back again. Better to close the company ‚Ä¶"
42, ninj van Kabinburi has not been contacted yet. The status says that the delivery was unsuccessful due to the customer requesting to adjust the delivery time. what is it ‚Ä¶
43, Parcels are being processed at the Ninja Van Warehouse - Ninja Van Sorting Facility. ‚Ä¶
44, Shipping is very slow. Calling to ask is not clear. Wait for 7 days. ‚Ä¶
45," Too bad, too long, ineffective irresponsible Items have been left at the branch for a long time. Since ordering online from this company the worst All necessary items are missing üò°üò°üò° ‚Ä¶"
46, Does this company like pickles? How long is it from Bang Phli? Go to Thung Khru ‚Ä¶
47, Very bad. I've been waiting for items in Bangkok for 5 days. relayed all the time I can only say that the coordination for 1-2 days is the same. The part of the postponement is delivered on a day to day basis. ‚Ä¶
48," Very slow delivery, it will be ruined soon  "
49," I'll tell you Cancellation notification, did not receive the product for 2 rounds to return the sender ‚Ä¶"
50," Very slow, send it, don't call Items can't be lost in the night. It's so bad. It's the worst logistics I've ever seen. ‚Ä¶"
51," Ordered for a week and still haven't received it yet, bad, bad, bad. ‚Ä¶"
52, Very poor delivery I don't know how many calls did not come according to his own appointment And do not call to tell wait a day Do not use it no responsibility ‚Ä¶
53, very slow delivery will preserve the product for  
54," Delivery origin on 21 July 64 There are 5 boxes of items. When they arrive at the destination, there are 4 boxes of items. Items arrive at the destination. 24 July 64 ‚Ä¶"
55," Very slow delivery, no calls at all, slow service  "
56," It's a very bad transport. There was another branch called to inform that the item would come at 1pm, but it didn't come. The next day, I called back to the same number and told the different branch responsible for ‚Ä¶"
57," Item arrived quickly but the service provider is very bad. Come to send, do not call in advance, arrive at the house and then call Said that he wasn't at home, but his daughter lived and didn't leave the money for the ‚Ä¶"
58," Very bad service, ordering a lot of things, can't really find this company. Slow delivery Called to make an appointment but didn't come and let us wait. ‚Ä¶"
59," Fast delivery, 3 days to arrive. very good transport At first, I thought I wouldn't be able to get items anymore because I saw all the negative reviews. ‚Ä¶"
60,Edit: 23/07/2021  ‡∏ö‡∏£‡∏¥‡∏Å‡∏≤‡∏£‡∏î‡∏µ‡∏Ç‡∏∂‡πâ‡∏ô‡πÅ‡∏•‡∏∞‡∏™‡πà‡∏á‡∏Ç‡∏≠‡∏á‡∏ï‡∏£‡∏á‡πÄ‡∏ß‡∏•‡∏≤‡∏Ñ‡πà‡∏∞ ‚Ä¶
61," Very slow delivery, called and said they would deliver. Ask where the address is. In the end, he didn't come, didn't call, and was also postponed in the system that the customer informed the postponement of the ‚Ä¶"
62, Rama 4 branch. Very bad. Sent many times delayed. Follow until you don't know how to follow. Not responsible. ‚Ä¶
63," Very slow delivery, said that I pressed the wrong button, but really refused to deliver that day. will be delivered the next day The next day still hasn't arrived "
64, Drive to the parking lot and shout out of the car that you've come to deliver me...... and let the recipient walk to pick up the goods and pay the car Is this a delivery service? ‚Ä¶
65," Very slow, withdraw from the shop. Random delivery. Meet the nemesis ninja. Sending items to adults is much slower than other transports. üòíüôÑüò§üëéüëéüëéüëéüëéüëéüëéüëéüëéüëéüëéüëéüëéüëéüëéüëéüëéüëéüëéüëéüëéüëéüëé ‚Ä¶"
66, I was informed that the item had been received for 2 days. have not received Tell the wrong address even though the address is the same address Wasting time waiting ‚Ä¶
67," Slow delivery, wait until you're discouraged  "
68, Is not sending the rate for 1-2 days and then came to say that he could not be contacted even though he was waiting to receive it and then suddenly returned to the store that did not inform us at all .. very bad ‚Ä¶
69, The parcel arrived at the destination. The status of delivery. 7 days have passed and still haven't received the item. and then there is a ‚Ä¶
70, Secondary items have been here for several days and have not arrived yet. There is a notification that the item will be delivered on the 12th. This is the 14th day and still haven't contacted me. The delivery is very ‚Ä¶
71, Very bad. Pickled. Very good stuff. Don't call the child and say that he can't contact the child. Transport. Arrange delivery for customers from 12 to 14 and still haven't got it. ‚Ä¶
72," Received this item from this transport twice. The delivery man spoke harshly both times. Call and ask for directions, not local people, don't know where this address is, there is no alley. Ask Tring why other ‚Ä¶"
73," The delivery of this item occurred from the fact that I ordered the product through an online store, which the company shop was. Partner with Ninja Transportation. The delivery of the goods I ordered took a very long ‚Ä¶"
74," The parcel called to say that it will be delivered by Thursday when the office is closed. We asked to postpone Friday and the status is up for sure that it's really Friday. But in the end, I waited all day, so I ‚Ä¶"
75," Made a purchase from Shopee, got hit back for the 1st time saying that the recipient could not be contacted even though he had not received a call from the staff at all. And call the Call center the second time will ‚Ä¶"
76," Sent the item successfully. But who is the recipient, I don't know. signed our name Ours is not important in it is baby milk powder. Let's eat rice first, baby. Because that's the money that I have saved to stock up ‚Ä¶"
77," Check the parcel, the status says "
78, The parcel arrived at the destination. The status of delivery. 3 days have passed and still have not received the item. ‚Ä¶
79, I can postpone the delivery. Boring. I haven't sent it yet. Is there any responsibility? ‚Ä¶
80," Ordered the product on 27 May. July 64 in the system, it says received the parcel successfully. Waited from 28 until the 2nd day. Still haven't arrived. Bangkok-Prachuap, how long will it take? Other companies just ‚Ä¶"
81, Worst As far as I can tell you straight It's very slow and it doesn't fit in the system at all. ‚Ä¶
82," No staff contacted, no delivery. but into the system that ""Unable to contact recipient"" Terrible. Not delivered in time and then blame the customer ‚Ä¶"
83, Not yet. but in shopee system Says sent but can't contact the recipient. But no one has contacted me yet. So confused and writes that it's shipping again. Around 4 p.m. Um. 4 p.m. K sucks. ‚Ä¶
84," On May 28, 1964 There was an office worker bringing the parcel to the house. The office worker will take a picture of us claiming to be delivered to the company. will know who is the recipient We refuse to take ‚Ä¶"
85," Really sent quickly, but sent to anyone who doesn't know. Plus sign our name as well ‚Ä¶"
86, Slow  
87, Shouldn't even get a star Can deliver one piece Very bad experience The address of the responsible person. Turns out to be sending items to the sender. Crazy. Tell us to pick up and send again. .... Complain to the ‚Ä¶
88, Very bad  
89," Did not update the product at all. Where is it. Delivered very late, 2 days has not arrived. ‚Ä¶"
90," Worst of all, I am waiting to pick you up throughout the delivery from the origin of the delivery to your transport company. Tell the item to be delivered within 20 May - 22 May until today. 21. Items should arrive in ‚Ä¶"
91, Very slow transport  
92," Very slow, delivered at 20.00 at the company, who will be there, pick up the goods, and there is no call in advance. Crazy, finally delivered again instead of sending faster than before. Returning to the same time. ‚Ä¶"
93, The shop has sent the goods from the 11th until the 14th and has not received the item yet. ‚Ä¶
94," At first, it was good..but the latest item was not received .. has not been received. ‚Ä¶"
95," Ten days, I tell you, so desperate. I recommend it. I use other brands to finish it. ‚Ä¶"
96," Very slow, the delivery shop gave the 6th day. Now, on the 10th day, we still haven't got anything yet. Not far In the metropolitan too ‚Ä¶"
97, Very slow  
98, I have been waiting for three days. Said that the rain can't come to deliver. It's an excuse. You can't just do this. You can't go to sleep at home. ‚Ä¶
99, The shop's reputation is valuable ... Do not come with this transport. Eliminated every time It's a shepherd boy every now and then. ‚Ä¶
100, Denied much responsibility Claimed that in Bangkok sent one day I have been waiting for a week. ‚Ä¶
101," I don't want to give a star at all. Delivery is very late, wait 7 days. Think about it. The next round would not use the service and ‚Ä¶"
102," The system is increasingly bad in the system that cannot be contacted by numbers. We called to change the number. For fear of bouncing Then sat and waited for a week In the end, I can't tell if I can't contact the ‚Ä¶"
103, The delivery is very slow. Say it will be sent within 3-4 business days. Never called But it shows up as if Unable to contact the recipient .. Home of you .. 29/4/64 
104," The delivery was very slow, many shots did not come.  "
105," Honestly, I don't want to give a star Very bad delivery man Ninja Van Thung Khru Before shipping, you have to call the customer first, right? This one is calling, but it is close to calling. We went out to eat. So we ‚Ä¶"
106," I am confused. Ordering things, the phone number is attached to the front of the box. But the status says The sender has arrived at the residence but cannot contact the receiver. Calling and not calling the shop all ‚Ä¶"
107," Said that the product will be delivered within today But did not deliver, but said that he could not contact the recipient Even though I didn't call once We'll just wait. Going to check again, the delivery can't ‚Ä¶"
108," Very bad I don't have one. If you know that you are not ready, you can not tell what is not true. Since ordering things, I have never met Which shipping company was so bad ‚Ä¶"
109," Terrible and awful. Said that 4 intersections and then turn right, but went to 3 intersections and then turn right Is it really inseparable? 3 separate and 4 separate? Tell me the way to the house 3 times, I think I ‚Ä¶"
110," Transport, do not call Suddenly, the delivery was successful, the item was not interrupted, hurry to deal with ‚Ä¶"
111," Delivered very late, all others have delivered. Ninja Van is still at the warehouse. ‚Ä¶"
112," This transport, the worst service, the worst, the slowest. Should have received items from April 2, until now, April 6, still did not receive the goods, calling the whole big center, both the courier and speaking, but ‚Ä¶"
113," Ordered items in shopee and it has a single delivery, delivery cost 29 baht, I think J&T because this transport is very good in our neighborhood, service is good enough, only the seller is the ninja van. Haven't ‚Ä¶"
114, Really bad !! Liar !!  
115," Do not use this service. Can't contact anything, call center, can't give person number Goods arrived and told them to pay. But can't contact us ‚Ä¶"
116," Service is very bad, delivery of goods is slow, is preserved at the warehouse. In the system can not contact the recipient. No one has contacted yet. Then took the goods back to the new warehouse ‚Ä¶"
117," Ordered items from Shopee yesterday, the status is delivered, but there is no staff to contact, when checking in the evening, the status says, unable to contact us even though we haven't contacted yet, we waited all ‚Ä¶"
118," Order set for several days. When the delivery deadline was reached, we waited, but there was no communication from the courier. When came to check the parcel number, said The product was not delivered successfully. ‚Ä¶"
119," Very slow Not recommended, can be avoided, should be avoided Order from China first. Bangkok to Rajyuri takes 5 days. Customers curse in the morning, lunch and evening. ‚Ä¶"
120," Waiting for delivery all day, order in shopee Status shows that the goods will be received today, waiting all day, there is no indication that the phone will come, take it with you all the time, even going to the ‚Ä¶"
121," Lek Huay, Ratchaburi, 70000 No, the car ran a big box, gave the car a delivery machine, how could he carry it? Ninja Van ‚Ä¶"
122," The delivery of this company is very slow, horrible.  "
123," It is extremely slow transportation. If there is a channel that does not give any points at all, then this company Very drool, tell me If there are many companies to choose from I would not recommend anyone to use the ‚Ä¶"
124," It is a terrible transport. Since every order To inform the shop, unable to contact even without calling Unable to deliver goods, tell no one to live Even though there are always people at home This is the service The ‚Ä¶"
125," Ordered with se-ed, pay, express delivery, but the package has not yet arrived very late. ‚Ä¶"
126," Poor service, order of the shop, delivered on Thursday, received again on Tuesday, the house is in Samut Sakhon. Shop in Samut Prakan, near DC, it sent to Mars and returned to Earth. ‚Ä¶"
127, Very slow for many days  
128," Followed by the email report after the submission. - Very good email report with name, date / time, picture, signature of the person who signed for the parcel, complete and complete amount. ‚Ä¶"
129," Until now, have not received the product _ call to postpone again _ and tell customers to postpone _ very bad _ Bang Pa-in Ayutthaya _ ordered from shopee next, which shop used to transport Ninja Van _ will not order ‚Ä¶"
130," 10 days sent Customer has not received the item The call to the call center cannot provide any information. Until the customer cancels the Ogre, who is responsible for how to send it in 10 days still has not been ‚Ä¶"
131," Waited from the date 6/2/64 until now, not yet. At first it arrived and I couldn't find the item so I said that I would send it again. Until now, not at all, confused. ‚Ä¶"
132," Convenient transportation, fast, use a ninja  "
133," Today there is an employee from the transportation way to call us. At first I told you that the customer bought this .... This order number .... We are in .. ..... Later, I said that the customer bought it with this ‚Ä¶"
134, The delivery is very slow.  
135, Call to inform in advance that the goods will be delivered. The delivery staff spoke politely. ‚Ä¶
136, The staff are polite and humble.  
137," Ordered from shopee, delivered by ninja van delivery, very bad service. Talks should not be available, call at 7.58 am, tell me the goods will be delivered at this time, not yet. When I called to ask, he said that he ‚Ä¶"
138," The transportation is very bad. On 25/12/63, the staff called in at 8:00 p.m. said that the product was not delivered on time. Request to cancel delivery today. Will come and send it again on 26/12/63, waiting all ‚Ä¶"
139, Good service staff Haven't met an employee who has bad manners yet. But may be delivered later than the others ‚Ä¶
140," It is a bad transport, slow delivery, employees call and postpone again. ‚Ä¶"
141," Terrible service, let's change the delivery time from yesterday to today and from today to tomorrow. Bad, bad, bad, no responsibility at all. Not deserving of a star ‚Ä¶"
142, Delivery does not call to notify The system is currently delivering 08; 00 until the end of the day. ‚Ä¶
143," The system is terrible. Products sent 4 days a day. Still not something else. Ordered later, kerry flash delivered, but this still hasn't arrived. Who will use the service, thinking good is very bad. ‚Ä¶"
144," Using the service for the first time, very ok. The second time is quite bad. Because you call us at 21.30 Which at that time we were going to work so there was no time to receive Which our house is in other provinces, ‚Ä¶"
145," Very slow. Other transportation, where are they going? This transport is still a turtle crawling. Should improve the speed of delivery to be better ‚Ä¶"
146, I met myself twice 
147," Contacted, will send items, use words like talking to a friend, not enough, and also tell them to walk outside to pick up the item. How do you think? Order dome lid 15 pack paper glasses 15 rows * 50 pieces per ‚Ä¶"
148," The transport is very slow, ordered three days. Haven't received the item yet ‚Ä¶"
149," Delivered very slow. Enough to send, did not call to tell first. ‚Ä¶"
150," Very good, not delivering items as scheduled, filling out, canceling delivery. And people who order the product just wait. Ask to go to every channel, no answer whatsoever It is the cheapest transport that I have ever ‚Ä¶"
151," The transportation system is very low. Never used to transport anything, and I received this very slow. Delivery from Nakhon Pathom to Samut Prakan took 8 hours, until now I have not received the parcel. The transport ‚Ä¶"
152," Transported more like a turtle The parcel status from last night until now, the status is still in the same place. ‚Ä¶"
153, Ninja van can wait. It's the worst in loca. Things that are not yet claimed. This is bad. ‚Ä¶
154," Terrible, awful, ordered from the 20th Until 27 haven't. When ordering in shopee Specify received no more than 24 Here I come for 3 days. ‚Ä¶"
155," Order on 11/10 Delivery store 12/10 Date 14/10 18:03 Call to inform today, missed delivery Send to tomorrow, but the ‚Ä¶"
156," Very bad, very late delivery Added to the false state that Unable to contact recipient Despite not being contacted Goods were sent from 9 o'clock until 2 o'clock. No customer contact Waiting for another day Out at 9 ‚Ä¶"
157," Poor segregation management The goods are transported for 4 days, not yet. The provinces are adjacent too. Calling to ask, it appears that the postal number is wrong. ‚Ä¶"
158," Ordered from shopee, delivered by ninja van delivery, someone signed for it instead. We do not have items. The house is all day. Send it to anyone, anywhere, call ‚Ä¶"
159," Poor service, staff, poor delivery, lack of training  "
160,"Never ever try to use, tracking is faked, customer complained never taken to account."
161," The delivery is very slow, I said I will deliver today, but it is quiet. Claiming but a lot of stuff One time, I didn't choose Ninja. ‚Ä¶"
162, Very slow.  
163," Order from shoot, fast delivery shop, but stuck in the transport of Ninja Van Thung Khru, but came up with a status that contacted the customer is not a residence.What is it? Is it up to the office? Why can't I ‚Ä¶"
164, It is very bad. It is the first company to deliver the goods and then walk to get the goods and take the money out to pay. ‚Ä¶
165," Service to postpone, send, reserve and deliver again Claiming a lot of stuff ‚Ä¶"
166," Very good, Maha Sarakham Province, always use Ninja Van service. Polite staff always call in advance. Very impressed. Very good. ‚Ä¶"
167, The delivery staff spoke like a ghost.  
168," Terrible, very slow transportation, the delivery date is delayed for 2 days, and still not enough to call to inform the delivery date itself. But in the system back that we are notifying the change of the date itself ‚Ä¶"
169, Good  
170," Call center, terrible service, no manners.  "
171,Somehow refused to deliver my package after 10 days of waiting and constant calls to the customer service.
172, Fast delivery  
173, Send fast now. One day to go Employees will leave the parcel at the juristic person. ‚Ä¶
174," The delivery staff calls for appointments to send first in advance, good service, good polite speech. ‚Ä¶"
175," The parcel box is very demolished. But fortunately, the contents are fine. The delivery speed is considered fast. ‚Ä¶"
176," Well, I didn't get it myself, but Nauti accepted it without being dropped or damaged. ‚Ä¶"
177, The staff spoke well and polite.  
178,Fast delivery. Driver is very friendly and polite.
179," The service staff are very good, very polite, trust Ninja Company. To deliver parcels many times and countless times ‚Ä¶"
180," There is a delay in delivery per house. Some items are delivered within 1 day. When asked to arrive in that area, the employee did not sell immediately. ‚Ä¶"
181," Very good service staff The parcel is delivered quickly, known to be delivered very well. Without giving directions at all ‚Ä¶"
182," Brother who delivered the goods Riding on a motorcycle to speak well, smiling face ‚Ä¶"
183," Good service, call to inform before the parcel arrives.  "
184," Good service, fast delivery as scheduled  "
185, Fast delivery Call to inquire before sending. Good.  
186, The sender called before sending the parcel. Good talk. Leave the security guard. ‚Ä¶
187, Send good service staff.  
188, Fast delivery  
189, Get things fast The staff delivered early in the morning. It's quick to eat. ‚Ä¶
190, OK  
191," For people who want to experience the new dimension of shipping How is it sent locally? As if Phil has received products from abroad Through the consular ceremony By storing them at the warehouse one area at a time, ‚Ä¶"
192, Very fast  
193," The first employee called to ask for directions, but did not come and sent it, and still recorded in Shopee that the recipient could not be contacted even though we had given directions. And waited all day Must ‚Ä¶"
194, Quick  
195, Received the item and sent it well.  
196, The product is neat and the cover arrives quickly.  
197," Send work quickly, polite, like straight, use local people who know the area very well. ‚Ä¶"
198," Delivered quickly, safe parcel. Have a call first Making it possible to plan to receive packages ‚Ä¶"
199," Shipping delay Check the web page, see Tung's admission, but on the 7th but deliver the goods on the 11th despite the store ordered only 7 kilometers away from the customer's home .. ‚Ä¶"
200, Employees have called in advance to deliver the goods. Very polite speaking ‚Ä¶
201," The delivery speed is very good. The staff who delivered the product spoke very well. Overall, I am very impressed. ‚Ä¶"
202, Very good. The product arrives very quickly #Love it üòúü•∞ ‚Ä¶
203, Receive the goods safely and Fast to deliver Polite staff ‚Ä¶
204, good  
205, Teenage Mutant Ninja Turtles Delivering items 3 times each I am encouraged ‚Ä¶
206," Slow delivery I do not understand that it is the shop's system slow delivery or delivery. Because the destination province is in the metropolitan area We ordered products on Sunday, but the products were delivered on ‚Ä¶"
207," Fast delivery, economical, very cute.  "
208, Goods delivered on time  
209," Received the product. No damage Before coming to the staff, call first But since that day is at a different place Therefore put it in the mailbox in front of the house There aren't any problems. ‚Ä¶"
210, Fast delivery ..  
211, Delivery very fast The organizing staff speaks politely.  
212," Good service, very good-natured delivery person, Don Tro Subdistrict, Chalerm Phra Kiat District Nakhon Si Thammarat Province Come to send often until you are close. Impressed with the service ‚Ä¶"
213," Fast delivery, but before coming to send, want to call and tell first ‚Ä¶"
214," Call to inform before arriving, delivery is good, fast.  "
215," Good service, fast delivery, polite staff, hundreds of parcels arrive in good condition. ‚Ä¶"
216," Nong Bua Lam Phu branch, fast delivery, good, not losing to others, good box condition, delivery staff call before entering the delivery Excellent, please keep this kind of standard continue. ‚Ä¶"
217," Employees should have an understanding of Soi Fang, even numbers, odd numbers. ‚Ä¶"
218," The delivery is fast. But I don't like being alone at all: I'm not at home But he signed as me to pick up the goods, that is, if the item is lost, do I have to follow with myself? Bad habits ‚Ä¶"
219, Fast  
220, Many broken parcels I don't know why Inaccuracy of the sender 
221, Transportation OK. Products in good condition. Call before delivery. ‚Ä¶
222," Call for an appointment Some, not some Most of the employees encountered 99.99% are considered very good. ‚Ä¶"
223, There is a polite advance call to help lift things to the place. ‚Ä¶
224," Employees call in advance that the parcel has arrived. Speaking because .... Overall, it is considered good. ‚Ä¶"
225, The staff are polite and polite.  
226, Very good service in all matters  
227," Ordered the Ninja Van 2 times. The bad first time was one call, and when we didn't answer, we called back, and he didn't pick up. The next day we called back to pick up. We told you to come in and deliver the goods ‚Ä¶"
228," The staff called in advance that they would deliver the product. Speak politely Overall, I am very satisfied with the delivery of the product. ‚Ä¶"
229, The transportation service is very fast.  
230, Poor. Hold for 3 days in the company's system. The place of delivery is a residence Poorly unable to contact the recipient. Do not contact. Always wait. ‚Ä¶
231, I can tell one word is very slow.  
232, The delivery man spoke very well.  
233," The package was very wrinkled, if it was something that could be broken, it was really bad, not that it was delivered to the recipient's meal only. The delivery must be in perfect condition as well. ‚Ä¶"
234, Never been disappointed with the transportation The product comes in good condition. The staff are also polite. ‚Ä¶
235, The staff are polite. Call for delivery. Soon  
236, Polite staff can schedule appointments.  
237," The recipient is not the owner of the package. Checked at home, no one accepted the parcel. ‚Ä¶"
238," Shipping, I am okay, nothing is damaged. I wish to be like this forever. ‚Ä¶"
239,"Fast delivery,May be"
240," Is confusing. Ordering the number is on the front of the box But the status says The sender has arrived at the residence but cannot contact the receiver. Call is not calling. Also, today is a holiday. Many people at ‚Ä¶"
241," Responsible employees are the very essence of the company. Accidents can happen at any time. Therefore, due to force majeure, it is not possible to blame the employees who were sent late. ‚Ä¶"
242, The product is not damaged. Quite good  
243, Fast delivery  
244, Excellent delivery  
245," Good, call to inform before delivery, good product, staff came to deliver at the specified point. The product is not damaged. May depend on the service area Fast delivery. ‚Ä¶"
246, Good fast  
247, Fast delivery across the day. Very good service.  
248, Polite staff. Call ahead. Supporting people making a living ‚ù§Ô∏è ‚Ä¶
249, The delivery person spoke good service.  
250, Good fast service .. Staff speak politely. The staff member called in before telling the package to be delivered every time. ‚Ä¶
251, Good  
252," Delivery staff polite. Call to notify to pick up the product, even without having to collect products Normally, if there is no collection fee, most will deposit the project law without notifying ‚Ä¶"
253, Please maintain the standards and improve the service even further üòäü§ç ‚Ä¶
254," Okay, no problem.  "
255, The shipping cost is fast. Good service staff  
256,"Good service, politely and professional team, all my question was sorted very fast,, lov this company ü•∞"
257, The delivery staff is good. Fast and there is a call to notify first. ‚Ä¶
258, Delivery on time  
259," Use the service every time because it's fast, cheap, and good service, not inferior to other owners. I've been using the service since the first ninja van was available. Cheering for the team ‚Ä¶"
260, Better than before  
261, The staff were polite before calling to tell first.  
262, The staff called to request permission to place the products in front of the house in a safe place. Very good. ‚Ä¶
263, The delivery is good.  
264," Senders call to notify before sending, considered good  "
265," Fast delivery Have better development From many months ago, slow delivery of the lost goods but came today when the ninja Improved delivery Please encourage the team and staff. Continue to improve the work ‚Ä¶"
266," Today, the staff are women. Call to inform that a package has been delivered. Therefore told to put it in the bicycle basket Then she pressed the call away Discomfort Just walk into the building in front of the room. ‚Ä¶"
267," When the officer calls to notify to receive the product, it is already in front of the house Always like this If collecting money at the destination, would probably find money to be busy Should call in advance for 3 ‚Ä¶"
268, Polite staff  
269," Good service, affordable price Call to inform the reception of the staff politely. ‚Ä¶"
270, Transportation is very slow  
271," Very late delivery Unable to send in time, not calling customer, then delivery status unsuccessful Call back at 8 pm and say that delivered tomorrow. Tomorrow is not true Another day passed to get the item. Must call ‚Ä¶"
272, The thing is that the transport staff spoke well.  
273," The staff are very friendly, the condition is very perfect. ‚Ä¶"
274,The staff should be trained how to speak politely to the customer üòµüòµ
275," Overall, the staff speak good. Good transportation, undamaged products ‚Ä¶"
276, Very good. Transport staff are cute. üòÅ  
277," Delivered as per the provincial standards, about 4 days is OK, slightly slower than the others. ‚Ä¶"
278, Package number SHNV323749471 Fast delivery as according to the slogan. ‚Ä¶
279," Good service, good speech, no damage received "
280," Fast transportation. Staff are very polite. Overall, it is good. Want to keep this quality forever ‚Ä¶"
281," The delivery man spoke politely. Call in advance. We transfer too much money, then he quickly transferred back. ‚Ä¶"
282, who had deliver early last night
283, Let Grandma take the stuff. But should be good  
284, Service is polite.  
285," Good, fast transportation The staff is neat, polite, and lovely. There is a call coming in every time before delivering the package to us. ‚Ä¶"
286, Service is very poor. Contacted outside of business hours and didn't send the product. ‚Ä¶
287, The goods are received as soon as possible. The items are not damaged. ‚Ä¶
288, With the development of better services  
289," The staff sent a call to inform in advance, politely speaking, sent to The overall summary is OK. ‚Ä¶"
290, The staff speak politely. Delivery is very fast. Thank you very much. ‚Ä¶
291," Good service staff, courteous, service with heart, fast shipping, no damage, thank you. ‚Ä¶"
292," Express delivery, fast  "
293, Do not call in advance Self-signed by the recipient Sometimes throw things in But personally signed to receive the parcel ‚Ä¶
294, Received the product  
295, Great service staff Fast delivery service  
296," Very fast delivery. Call from 8.24 hrs. Normally, other owners will call around 9-10 hrs. ‚Ä¶"
297, Call to notify 1 hour before sending. It will be good not home and then call. 
298, Delivered quickly. The staff in advance called to speak politely. Very good. ‚Ä¶
299," Previously, the delivery staff would be better. On July 10 at 16.20 hrs, the delivery staff called in a bad tone. The first question asks if urgent use of the item. Can you send it tomorrow Therefore asked to go back ‚Ä¶"
300,Good Job
301, Send faster than I heard.  
302, Be polite in both speech and verbs.  
303, Good service. There is a call to inform before receiving the parcel and before sending the parcel every time. Very good staff. ‚Ä¶
304," Fast delivery, good follow up call all the time while we work outside the delivery area, even after work at 17.30 ... Thank you and impressed with this service ‡πÉ‡∏ô ‚Ä¶"
305," Fast delivery, normal service, good frantic, because I have to wait. I get stuck for a quick, short, quick job. One water service ‚Ä¶"
306, Delivery very fast ‡πÄ‡∏£‡πá‡∏ß  
307, Courier manners are good. The item is delivered as a 3 small booklet. The condition is not intact. This delivery is OK. ‚Ä¶
308," Fast delivery, polite staff The product is in good condition without damage. If there is a chance to use the service again for sure ‚Ä¶"
309, Fast delivery. The delivery staff are polite and speak good. ^ _ ^ Thank you very much. ‚Ä¶
310," Very kind. Waiting for us when picking money. And we don't have any coins to find again. Finally, the money is missing 1 baht. I said it's okay. Very kind. Will definitely use the service again. ‚Ä¶"
311," Order with shopee 3, ninja duty !! Omyai Branch, Sampran District, Nakhon Pathom Province .... Much reserve, tell now ... The 3rd time, I said I won't order with the ninja. I forgot to look at the same thing as ‚Ä¶"
312, The staff speaks very polite. Service is very good.  
313," The goods are in good condition, fast delivery, OK staff  "
314," Good service, courteous delivery staff.  "
315, Educational Administration Never encountered a problem  
316,"Present time.. Fast delivery and good service mind I believe in "" Ninja Van """
317, The staff are very attentive. Call back and ask the problem immediately. While also checking things ‚Ä¶
318," Very good. The staff speaks well, has good manners.  "
319," Delivery trucks in this area are open-tail trucks. Goods with sun, rain are not appropriate. Should fix. ‚Ä¶"
320, Good fast  
321," Okay, it's normal. There are good reception procedures. Like that sending emails to tell who gets Along with showing the signature of the person who received the item as well The product wrapping is also good. Overall ‚Ä¶"
322," Good. The staff delivered the goods well and spoke politely. Carry the whole thing to deliver the car, haha. Send very fast. Good fast. Good. Keep doing good. Will be able to use the service again. Thank you. ‚Ä¶"
323, Employees come to deliver the Ninja every time they encounter. It is polite and there is a call to notify before every delivery. But please criticize that this time the box is crumpled The product is not ‚Ä¶
324," Good service, fast transportation  "
325," Fast, product delivery staff smiling, service impressed.  "
326," Fast delivery The staff called to inform to coordinate the reception, had good manners, spoke well. ‚Ä¶"
327," Fast, spoken very well.  "
328," ""Good delivery Lovely staff Talk politely, good service. "" ‚Ä¶"
329, Good service staff  
330, Ninja at Paetrew. Very good service. I like. Use the service many times and impress every time. ‚Ä¶
331, The latest staff delivered very quickly.  
332, Send the Vimgos.  
333," Fast delivery, good order Improved packaging only  "
334, The delivery staff spoke politely. Samut Songkhram - Ratchaburi ‚Ä¶
335, Well-mannered staff Call every time.  
336, Received goods very quickly. Staff are in good service. Polite. The product is not damaged. The product condition has been good all along. ‚Ä¶
337, Should have a call to the customer before sending. It should be good. Maybe no one is pick up. ‚Ä¶
338," The staff are generous, amazed.  "
339, Good service staff Fast product delivery as scheduled.  
340, Delivery of products on time. The package is ok Polite staff. Lovely. ‚Ä¶
341, Try using the carrier for the first time. It's fast. Wait. Very long. The service to the customers is very good. ‚Ä¶
342," ""The staff called in advance to inform them of the delivery. As for the manners and polite, polite, _ good speech _ very good service ‚Ä¶"
343, Nice staff  
344, The transport was very good. The status improved yesterday. Today's goods. ‚Ä¶
345," Received service from parcel delivery More than 1 visit of Ninja Logistics Co., Ltd. delivered to the front of the house The product received is in good condition. The service is considered fast. Polite Prudent to ‚Ä¶"
346, Fast delivery staff  
347, Delivery is a little late. But the package is ok The message that came ... Is he confusing? Don't know what he is When calling to deliver Can speak politely ‚Ä¶
348, Fast delivery  
349,Fast shipping.
350, Good service .. polite..but maybe a little late.  
351, The shop sent a little too late. Good service staff with phone calls. ‚Ä¶
352, visit  
353," Transportation service ninja van very good service, delivery from Nonthaburi to Nakhon Ratchasima takes only 3 days üåüüåüüåüüåüüåü ‚Ä¶"
354," Fast delivery, cheap service. I like it. The only loss. Some products don't have ninjas to serve. ‚Ä¶"
355, Please expand the branch to Victory Monument. Heart of Bangkok ‚Ä¶
356," From tracking the delivery status Must be received since yesterday Up to 11 am on delivery status Finally didn't see it coming. But at 7 pm, the status says ""The delivery is residential and unable to contact the ‚Ä¶"
357, Good service. Fast transportation. Impressed.  
358, Delivered. Fast delivery. Actual delivery. The package is delivered very well. ‚Ä¶
359, Delivered faster than before but it was thrown into the fence. Despite the terrible doorway to the parcel ‚Ä¶
360,Good job
361, - Delivery vehicle suitable for delivery-‡∏Å‡∏≤‡∏£ - Staff ask before coming to deliver -üåàüåà - Delivery on time -ü¶Ñü¶Ñü¶Ñ ‚Ä¶
362, Staff are courteous and have to call to inform in advance before the parcel arrives. ‚Ä¶
363, You called in advance to speak very politely.  
364," Like. Order on 22/6 at 19.58 hrs. The sender delivered the product to the Ninja 23/6 at 16.17 hrs. Received the item 24/6 at 11.01 hrs. The buyer and the sender are on. Bangkok is considered very fast. Before sending, ‚Ä¶"
365," Notified in advance of delivery For the grandchild to receive, call first to ask if it's true, right? Very good service Even if taking the item in the store for too long ‚Ä¶"
366, The service staff is very good. Call in advance Call again. The service is excellent. ‚Ä¶
367," The system pushes to tell the delivery person even though the courier calls and adjusts himself, not impressed, no longer used, the system is very bad, pity on the delivery person, he is very good, polite. ‚Ä¶"
368, Delivering a beautiful parcel box  
369, Good service..The product arrived faster than expected.  
370, Staff speak politely. Service is OK. 
371, Receive the goods as scheduled. Not slow. Staff polite and friendly. ‚Ä¶
372, The service delivery is very good. There is a call to ask when it's convenient to receive the parcel too. ‚Ä¶
373," Arrived at 9 o'clock in the morning. At that time, we just woke up May be a little silly Deliver the work. Look at Nihon. We asked the account number to transfer the package twice. Therefore not impressed Shent, pick ‚Ä¶"
374, Keep calm  
375," Good, polite, fast  "
376, Delivered successfully  
377, Did not turn on the phone because it was a holiday. Staff called 11 lines. Thank you very much. And sorry ‚Ä¶
378," What other people don't know, but for me, we were okay with Ninja Van from the first time I used the service. To date Because compared to other carriers in terms of service and speed of delivery, sometimes better than ‚Ä¶"
379, Good. Speak well. I like it very much.  
380," Good service, fast delivery  "
381, Good service. Holiday still follows. Delivered to home.  
382, The delivery person called in advance that they would deliver the package early. Makes it possible to change when it's not convenient to receive at the address We would like to change the delivery location. Point out ‚Ä¶
383, The delivery person called. Speak politely The product has no problem delivery. ‚Ä¶
384, Great  
385, Good service. Call before asking. Staff speak good.  
386, Very good. Polite staff. Call before asking.  
387," Fast delivery, order on the 18th, late afternoon, on the 20th Received Very good service ‚Ä¶"
388, Good. Fast delivery.  
389, Send it to the staff. Talk about it. üëçüëçüëçüëç  
390, Correct product delivery Staff cares for work. Having a call to inquire first is considered very good. Thank you. ‚Ä¶
391," After the shop in Shoppi reported that he had delivered the item to the Ninja Wait another 2-3 days to receive the item. No sooner, not too slow Broken one star because the box was slightly bothered. ‚Ä¶"
392, The staff who sent said it because it was good. Polite and order like this always ‚Ä¶
393,"First time with this company. I think it good, fast and polite' s service."
394, Very good service. The assistant named Por called to receive the item early. ‚Ä¶
395, The delivery person called every time before sending the goods. Be courteous and polite ‚Ä¶
396, Delivery is very fast. I like it very much.  
397," Friendly staff arrived and called in the bathroom, waiting to not fret. ‚Ä¶"
398," Before sending, call in advance. Talk politely. Very fast delivery. The service is not disappointed. ‚Ä¶"
399," Fast delivery Definitely faster than the orange one The delivery staff is very polite. Even if the rainy day is rain, your brother still comes to deliver the item, so give it your heart. As for other owners, if one ‚Ä¶"
400, Transport very fast. Call before sending. Be polite. And the product is in a good condition ‚Ä¶
401," Monday's order Wednesday afternoon, three received. At first, worried about getting things slowly But normally sent as per the standard üò∏ ‚Ä¶"
402, Call to inform in advance that the goods will be delivered so that they can prepare well. ‚Ä¶
403, The product delivery staff is courteous and polite. Call to make an appointment in advance via me. ‚Ä¶
404," Fast delivery Courier, good manners  "
405," The staff sent carefully. Call to notify the time and tell the payment amount throughout. But the car is not very familiar Why is this time a pickle? The last time, it was a van. I was confused. But never mind, the ‚Ä¶"
406, K. Cute  
407," The staff are very nice. Tom came before sending. Delivered quickly. Other carriers do not call If not in the house, drop the belongings without notifying. ‚Ä¶"
408, Considered fair  
409, Great  
410, Overall good  
411," The product is good. The service staff is very good. Call before sending every time. Speaking very polite, service is very good. ‚Ä¶"
412," Sending very slowly, can't tell the contact number even though the given number is correct. Used the service 2 times, very much every time ‚Ä¶"
413, Notice before delivery Check product Good delivery address details The product is in good condition. ‚Ä¶
414," Should improve the transport staff Before sending the product, call to make an appointment to deliver the product. At one place, but on a holiday In another location, went out to be diligent, suggesting to drive the ‚Ä¶"
415," Today received the product By found that the product was thrown over the fence High iron in the middle of the garage There are 14 cans, 12 dented foodstuffs. ‚Ä¶"
416," Actually, you shouldn't get even a single star !!!  "
417," The staff spoke because Fast delivery, don't throw items. ‚Ä¶"
418, Very good service staff  
419," No call notification before delivering packages Arrived at the front of the house and got stuck, then called The talk with the customer is very bad. Should train a new employee Can't do ‚Ä¶"
420," In Lat Phrao area, fast delivery Never encountered a problem ‚Ä¶"
421," SHNV374660746 SHNV905078197 Just as the product has not been received by the carrier, informed me that I was ‚Ä¶"
422, Has been using Ninja Van services many times already No problem The staff were polite and good. The item was received in good condition. ‚Ä¶
423, The service staff is very good.  
424, Receive products quickly. Good service.  
425," This delivery, received parcels in good condition and fast delivery. ‚Ä¶"
426, For us to get things fast Employees send a call every time. ‚Ä¶
427, Send trade instruction within the time limit. Call to inform and polite ‚Ä¶
428," The package was delivered in good condition and sent quickly. But the delivery person didn't call to say before coming if not staying, waiting to receive. So bad. ‚Ä¶"
429," Fast delivery, undamaged product  "
430, Shipping is fast. There is a call to inquire before arriving home in 1 minute. The staff is polite. ‚Ä¶
431, Faster than anyone else. Superb.  
432, Fast delivery There is a product pack as well. The delivery man spoke politely. And there is a call to notify in advance Product quality has not been tried. ‚Ä¶
433," Track packages easily via mobile, letting them know that packages When will it be delivered to your home? ‚Ä¶"
434, good  
435, Come to send in the evening Good service staff  
436, The staff spoke politely.  
437," Very bad service. If possible, better delivery with other companies Too bad the shipping cost. Notified that the recipient cannot be delivered or delivered to the address, but there is no one. But I was always at home ‚Ä¶"
438, The employees call the customer before delivery ...... can deliver the goods according to the appointment time. 5 stars ..... ****** ‚Ä¶
439," Sucks, can't deliver to the front of the room I am at Baan Ua. My house is on the 5th floor. She didn't come up. Said that every company has never been raised. I argue, only you who didn't rise everyone ‚Ä¶"
440,Fast delivery and cheap delivery fee
441," Delivered quickly. Good manners. Call for products to arrive. If not here, place it. Like it. Fighting! ‚Ä¶"
442, Delivery very fast  
443, Received the item very fast.  
444," Thailand is bigger. Singapore, the country's owner. Therefore unable to access the demand for Thai people to order products in the shopee, wait a week Already got the numbers Not yet got any status status Folded, sent ‚Ä¶"
445," Ok, delivery  "
446, The staff of the product delivery were well-mannered and polite. The company trained well. Great. ‚Ä¶
447," Fast delivery. The staff spoke very well that there were no people to pick up the goods. Told me to go to send him again, which he is happy to serve us ‚Ä¶"
448," Good service, friendly.  "
449, Excellent  
450, Today I must say that I received good service today. She is polite and has a good attitude at work. How to get a courier Everyone is like this Otherwise difficult ‚Ä¶
451, I'm sick  
452," Quick. Plus, remember home. Call to tell first.  "
453, Very fast service  
454, Transit OK. Polite. Always call first.  
455, Fast delivery. Product is not damaged.  
456, Good service staff  
457, Send a lot faster. Very different from before.  
458, Fast delivery The tower is in a perfect condition.  
459," The delivery was very slow and the item returned itself, claiming that the address was not being confused many times with this company. ‚Ä¶"
460, There is a call to notify the customer before delivering the item. Very good. ‚Ä¶
461," Fast delivery, very good service.  "
462, Good service. Fast delivery. Finished product.  
463," Today, 5 June 63, the tribe's people sent the package early. At the house around Chinnakhet 1 and there is a call to inform in advance before sending. Speak politely. Okay, very much. ‚Ä¶"
464, Fast delivery  
465, Good shipping Calls to recipients do not receive calls 
466," Before the item is delivered, the employee calls to ask. I like this transportation very much ü•∞ ‚Ä¶"
467," The delivery person spoke very poorly. If you don't have a service mind, go out and do other things. Not to hurl at ‚Ä¶"
468," Good transportation, fast service The delivery person calls in advance. Be polite. ‚Ä¶"
469, Fast  
470, Fast delivery. The product is 100% complete.  
471," Slow delivery. Take your convenience. Postpone the delivery date, not on time for the appointment. Appointment us at one o'clock in the afternoon Come and send us at five o'clock ‚Ä¶"
472, Excellent service.  
473," Polite staff, accurate delivery  "
474, Delivering at the right place. Fast delivery. Good service. ‚Ä¶
475, good  
476," Use Ninja Van 2 Once, still haven't encountered any problems. The driver is always informed. Today I didn't pick up my phone and sent a message saying that the parcel was already sent. So cute. ‚Ä¶"
477," Delivering very quickly, like a ninja name.  "
478, Very good  
479, Nijja Chiang Rai The staff speak good manners.  
480," Fast delivery, good service The staff are polite.  "
481, Parcel arrived successfully.  
482," Send fast, have a call, alert very well  "
483, Like being okay  
484,Fast and cheap delivery service.
485," Good service, fast delivery, very pleasing  "
486, The staff speaks very well. The delivery is fast. No damage. ‚Ä¶
487," For me, Ok.! Speaking communication service. Pleasing!  "
488," Delivery personnel, if being a regular carrier, will provide very good service. Come to send as usual There are not many problems with receiving products. ‚Ä¶"
489," Delivered quickly, politely, with notifications  "
490," Delivery staff call before delivery Know the route, parcel, good package, good service ‚Ä¶"
491, good service  
492, Deliver things quickly. Talk sweetly. Keep this service for a long time. ‚Ä¶
493, Good. Say good.  
494, Terrible staff Delivery of the front of the house No need to wait for the item to be picked up. Despite running out to pick up immediately after hearing the buzzer 
495, Wait until the product has been designated date .. Until now it has not come to pass .. The transport staff have never called. ‚Ä¶
496, Good. Fast delivery. Staff speak politely.  
497, Fast delivery and knowing the route. Reliable.  
498," The staff speak good, have good manners.  "
