,Shopee ID Reviews
0,"Shope expres tai, barang saya bisa ilang gitu gmna ceritanya woi! Ga amanah bgt! Kapok bgt pake shope expres!!!"
1,Ngga ada pergerakan selama sehari padahal udah di Bandung dan aku pengiriman ke Cimahi loh
2,"Lama banget di gudang dc bandung, paket saya di apain si disitu biasanya jakarta-bandung sehari nyampe kalo pake ekspedisi j*t. Aku aja buru buru ini ke seller untuk dikirim saat itu juga. Eh malah lamanya di ekspedisi. Baru kali ini pake ‚Ä¶"
3,Lilaaaaaaaa barg mau d pake hari ini g sampe2. Boasanya juga sehari dateng pagi. Ini baru d first mile hub ga gerak2.. ancurrrr
4,"Kacaauu ,, kurir nyaa ga amanah"
5,bintang 0 bgt hrsnya pengiriman nya bisa dua minggu üò°üò°üò°üò°üò°üò°
6,Udh 2x barang ngga sampai tp d kertrang nya barang d Terima oleh pemilik akun
7," The courier did not have an initial confirmation of the package, just put it carelessly, but the recipient in question, what about it? What if something is lost? ‚Ä¶"
8,"Pengiriman super lama parah banget dari jumat siang di input, barang sampe bandung sabtu subuh jam 5 malah dikirim kurir hari minggu jam 7 pagi dan belon sampe sampe siang ini, kerjaan jadi ngegantung karena paket sparepart belon keterima"
9," VERY BAD.... IF I CAN CHOOSE A MINUS MINUS STAR VALUE, I WILL CHOOSE MINUS 5 STARS ‚Ä¶"
10," It's better to just delete the courier expedition from Shopee, it's a shame the customer is disappointed. ‚Ä¶"
11," The worst shipping service expedition in the archipelago, the delivery is very durable like being pounded on the first night, the courier doesn't have an attitude, doesn't excuse me / doesn't scream, the package goes ‚Ä¶"
12,"Sdh hari ke-3 diterima kurir tp gak nyampe2 k alamat yg dituju. Hari pertama gagal dg alasan penerima tdk bs dihubungi, pdhal gak ad yg menghubungi sy. Alasan ngasal nih! Biasanya kurir dg jasa ekspedisi lain sllu WA sy jika diperlukan. ‚Ä¶"
13," The status has been received, even though the item has not been received, the photo evidence is the courier's own hand. Haixx..... Bad x shopee courier,..... ‚Ä¶"
14," I'm really lazy with this shopee express, if you forget, don't replace the one you ordered, you won't want to use shopee express again Messy long delivery, the courier who dropped the point was lazy to pick up on ‚Ä¶"
15," This receipt number is SPXID023038951142, please send it, I want to use it, it's not sent ‚Ä¶"
16," I'm not used to knowing that shopee exspress misses this cake, hadeuhhhh ‚Ä¶"
17, Great üëçüëç  
18, It's been 2 days the package is in the courier but the package is not sent to the destination. ‚Ä¶
19," It's been almost a week the item is stuck here, really annoyed ‚Ä¶"
20," It's been a long time, it's been stored for a long time, sent to the address or not, tired of shopping at shopee ‚Ä¶"
21, Very long stupid courier  
22," The courier wasn't very polite, he swore at his attitude, just playing sneaking into the house, even though the terrace of the house was really new, where the shoes were dirty!!! Even though once you call ""package"" ‚Ä¶"
23," Please include the branch office's phone/whatsapp number so I can ask for the courier number because the courier didn't confirm/call, because the information I have received myself is in fact there is no package at ‚Ä¶"
24, Packages for playing Taro at people's homes just like that. ‚Ä¶
25," What's this, my package for three days is stuck here, it's a bitch ‚Ä¶"
26, Missing photo. Where do you put your goods? It's crazy that this is the greatest expedition. ‚Ä¶
27,Bad service.
28, For delivery too long. Please fix.  
29," SPXID023939187332 My package has been 5 days and it hasn't arrived, how is it ‚Ä¶"
30," The experience of using Shopee Express services is getting more and more unpleasant. When I lived in Cicadas, my COD package was returned to the seller without my telephone/WA courier during the delivery process. I ‚Ä¶"
31, Tired of using this expedition!!!  
32, My package has been 9 days and there is no movement to be sent from Bandung to Palangkaraya Is the courier sane or crazy ‚Ä¶
33," the most ruined expedition, the courier was asked clearly and not friendly #BAD ATTITUDE ‚Ä¶"
34," The courier is not polite, there is no attitude. Just send a package to play and throw it.. try giving Willy the SP ‚Ä¶"
35, So far it doesn't disappoint  
36, CRAZY  
37," Why are the reviews all negative, huh... I've been using Shopee Express for a long time... Maybe negative feedback from foam consumers is used as input/feed for Shopee Express KDP. Can be fixed.. ‚Ä¶"
38," How is Shopee Express's responsibility for the item's status in the apk, the item has been received, but the item hasn't arrived, the courier's name is Tatawan, the person is songong, I hope there will be action from ‚Ä¶"
39, Wow!!! My package from Bandung to Makassar has not been sent yet. Why did you keep it there for so long? Njirr really regrets using this useless expedition. This is my first and last time using shopee express bgst ‚Ä¶
40," The courier didn't know where to send it to the office address, I don't know where it was sent. It was received by Mr. Agus, clearly at the location, there is no such thing as Agus ‚Ä¶"
41," The item has not arrived home, the status has been returned to the sender because the delivery attempt failed ‚Ä¶"
42," Looking for a shopee express hub in Bandung, I found out that I saw this assessment post, which the majority of it contained, was disappointed. So it's great to want to join in the comments, because my experience so ‚Ä¶"
43," The attempted package delivery was postponed due to insufficient time. Just like that, it's been 2 times. ‚Ä¶"
44," How does this work, how many days hasn't it arrived"", it should have arrived since Thursday, but I've been waiting for it ""until Sunday, the item hasn't arrived yet. What is this responsibility? ‚Ä¶"
45, Why the aing package has not come is also just  
46, It is not my intention to work  
47, Just tried shopping with shopee. the champion has waited a long time for the package. ‚Ä¶
48," TODAY DECEMBER 8, 2021  Where is my package?! It hasn't arrived yet! Until now December 8th! It's ‚Ä¶"
49," The delivery was very slow.. there was a shopee customer service asking where the warehouse was, I couldn't tell.. the package in the description is being sorted and it's not clear... I want to use mine today. I'll be ‚Ä¶"
50," There's no contact number, my package didn't arrive until the 3rd time, it's like this, please give me the web number, if it's not in a rush, I want to take the package, it's someone's order ‚Ä¶"
51," My item hasn't arrived this week, the delivery status is like that, it was sent to my location but it didn't arrive until late at night, even though it was delayed because there wasn't enough time, yesterday was the ‚Ä¶"
52, No need to use reviews... Other people's reviews are representative.... ‚Ä¶
53," It's been so long, it's been 2 times like this and the package arrived in 2 weeks, it's really worse than estimated :"
54," Basically, I don't believe in shopee expeditions anymore  "
55," It's not clear if the package is not delivered, then there's no contact number, it's different from the neighbors, if there's a problem, it's easy to complain. ‚Ä¶"
56, It's been a long time and it's not really slow!!!  
57, Please be professional like other couriers... the delivery exceeded the estimate.. I've been disappointed several times.. if there's no change... we can leave it. ‚Ä¶
58," Very bad, shipping took so long  "
59," From the shopee application, at 07 in the morning it was sent by the courier but until now it hasn't come, it's not like other couriers ‚Ä¶"
60, The package hasn't arrived yet  
61, Just disband an expedition like this. It's a lot of loss. Items don't come bad ‚Ä¶
62," This delivery is so bad, how long does it take for the status to arrive in one place until three hearts don't move and it's arrived now, it hasn't arrived ‚Ä¶"
63, Just keep going back to the warehouse.  
64," Very bad experience, this is the first time there is a courier who doesn't know the address, until late at night he calls with impolite language and a high tone, also ordered me to take the package to the road at ‚Ä¶"
65," Bad service, it's been a long time waiting for my package ‚Ä¶"
66," Where's my package, why didn't it arrive :"
67, Open all night  
68," At first I had doubts and was worried because I saw the rating, but thank God it arrived on time.. The package was safe.. :D Continue to improve, yes, because there are still buyers who are not satisfied.. ‚Ä¶"
69, Quiet  
70, Slow delivery  
71," to the courier who sent the package to the river, please return it back,,, I paid for cod but you were given a refund, I paid 52000, while the cod package was only 21000 ‚Ä¶"
72," My item's status has arrived at 22.19, when there is an delivery for the package at that hour, stupid, I've been at home until late at night, no one knocks on the door, this is stupid management or the courier is a ‚Ä¶"
73, It took so long to send from the warehouse  
74, It turns out that many like me always pass the delivery estimate and are considered to have been received by the recipient. Why are so many complaining but still standing on this expedition huh? ‚Ä¶
75," REALLY BAD service. Every time there is a problem, CS never responds. even if it is answered it can take a very long time and be TRANSPORTED TO OTHER DEPARTMENT. really good shopee express. Lost items have no ‚Ä¶"
76," My package didn't arrive. It's really the courier, while the other packages have arrived first ‚Ä¶"
77," WORST eexpedition. where's my package???? pke said it was received. have you received the name, what's the name??? why didn't the phone call confirm my item arrived??? I messed up the photo, where did you put the ‚Ä¶"
78, Always slow. Always disappointing  
79," The package is stuck in the warehouse instead of being delivered right away, strange So you have to wait a long time, the regular period takes 3 days, that's right ‚Ä¶"
80," Sluggish, tired  "
81," It's bad that my package has been received on the receipt, even though I haven't. Courier has not confirmed delivery ‚Ä¶"
82," Excuse me, how come the item is almost past the estimated delivery date but it hasn't arrived yet, what's the problem? Has this service been closed? ‚Ä¶"
83, The package is being delivered but it hasn't arrived yet it's really weird ‚Ä¶
84, The package delivery took too long..  
85," VERY SORRY COURIER, DO NOT RECOMMEND. FROM OCTOBER 13 AT 9 NIGHT IT IS CONSIDERED THE GOODS ARE DELIVERED, PDHL I AM D RMH AND DOES NOT ACCEPT EVEN THERE IS NO DTG. UNTIL THIS SECOND I HAVE NOT RECEIVED THE ITEM TSB. ‚Ä¶"
86, Where's my stuff!!! He said it had arrived but I and the people around the house didn't receive it!!!! HORRIBLE SERVICE ‚Ä¶
87," Sorry in advance, advice for workers and warehouse staff, work with all my heart, especially the courier, if the intention has been delivered, it should be delivered immediately, my package arrived in 5 days, the ‚Ä¶"
88," Bad service The item arrived at noon, the update was late at 20:17, I didn't even tell you the item was deposited in the office even though the item was waiting for it, At least let me know via Whatsapp Chat that the ‚Ä¶"
89," The delivery took so long, even though my house is close, it's been on hold since yesterday ‚Ä¶"
90," The name is just express, it's actually LELET!!  "
91, VERY BAD COURIER  
92, It's been a long time the package has been 3 days still in Bandung ‚Ä¶
93," The package didn't come to the right address, 2 times the package got lost even though the address was complete ‚Ä¶"
94," I swear, this is a shopee express, I don't know how the HR recruits employees, and the shipping SOP is super duper bad bad bad... when the package w was left on the terrace of the house, it was put behind the plant ‚Ä¶"
95, long  
96, My goods are still there for 2 weeks the service is really bad ‚Ä¶
97, Seems like a lot of thieves here  
98," I have shopped twice using the standard shopee express delivery service, nothing is correct, no one has received the first item because the courier doesn't want to deliver the second one, the item was sent, I don't ‚Ä¶"
99," I swear the delivery service is very long, bad.  "
100," It's really bad I haven't received the package but the status has been received, where did my package go?!. Please, reliable courier, yes! ‚Ä¶"
101," sorted out, it's like doomsday  "
102," The package was not sent, I was surprised  "
103, It's been a week and it hasn't arrived even though it's only a few days ‚Ä¶
104," VERY SORRY EXPRES SHOPE MY PACKAGE HAS BEEN IN BANDUNG FROM THE 4th TO NOW THE 8th WE HAVE NOT BEEN SENT ""ALREADY SENT WITH THE REASON THE COURIER DOESN'T MEET THE TIME OF THE PACKAGE ALWAYS RETURNED ‚Ä¶"
105," The courier is not very efficient at night ""Call the package can't be sent now, then using the information I've received it again at Shopee, it's really not trustworthy, really ‚Ä¶"
106, lemooodd  
107, In shope there is a vacancy for a bag min. Sort?  
108," It's so bad shopee express delivery is not clear, twice sent by shopee express a lot of drama.. the package is stored in coconut ice woi I thought the seller of coconut ice only 1 ask whose name is not responsible, ‚Ä¶"
109," It's not suitable to be an expedition, it's just a more suitable market place. very slow!!!! ‚Ä¶"
110, Disappointed the delivery time  
111," How about this shoppe express 2, my package hasn't moved for almost 2 weeks, last month my package arrived home after 10 days, the courier didn't respond well, instead asked to meet up and didn't want to take me home. ‚Ä¶"
112, slow service anjim  
113," Shopee express, tau arti express ga vro  "
114," Although 4 days until jkt - bdg. But salute the courier was able to find the location, even though there was no house number and benchmark. Only rt & rw, not all couriers at shopee express are bad. There are still ‚Ä¶"
115," If you want a markerplace, just go to the marketplace, don't bother joining the expedition because your performance is chaotic, bad, slow, doesn't match your estimate. don't be greedy!! ‚Ä¶"
116," This is crazy, my package has been in Bandung for more than a week, it hasn't arrived at home, no intention of working, the last estimate is Thursday, now Monday, it still hasn't arrived ‚Ä¶"
117," I'm a reseller from shopee, the shipping costs are very expensive when shipping to East Java 48 thousand more expensive sending to the city of base pinang which crosses the island using an interstate expedition ‚Ä¶"
118," Usually from Bandung to Tasikmalaya and directly to my home address, how come from Bandung to Karawang to Bayumas what do you want first? Playing around Indonesia like that? ‚Ä¶"
119, Where my item has not arrived yet. Intention not to open a delivery service ‚Ä¶
120," It's really bad..my item has been 1 week and still no clarity. To this day, the goods have not yet arrived in my hands. In the application, the information has been received at 23.00 wib again. Where does anyone ‚Ä¶"
121, Information on the status of the package has been received from Thursday. But until now it has not been Saturday and I have not received it at all. Sorry to give a little rating. But hopefully it will be better in the ‚Ä¶
122," Long delivery, even though it's already in the destination city ‚Ä¶"
123," Wow, what a silly chat. No response like that. It's the same case.. ‚Ä¶"
124," Deliberately ordered D-1 week so that it didn't arrive quickly, I know it took a long time to arrive. ‚Ä¶"
125, Long  
126," It's really messy. Ordinary expedition from Jakarta - Bandung at most 3 days, it's been a week and it hasn't arrived yet, boss messed up, bad service ‚Ä¶"
127, very long process  
128," wow, where's my stuff, DOG... the status is received but the package doesn't come to the house!!! ‚Ä¶"
129," To Shopee Express, can you be more professional in shipping? My item hasn't arrived yet, I've been waiting for it since Sunday, it hasn't arrived yet, the courier is tracking it and it keeps silent, what's this? ‚Ä¶"
130, How is this shopee. I ordered kimchi from Sunday and now Wednesday it's still piled up in Bandung where the sorter is. My food can explode on the street if this is the way it is ‚Ä¶
131," Delivery is very long, usually H + 1 has arrived if other couriers. It's already H+3 hasn't arrived"" ‚Ä¶"
132," It's been so slow, it's been 2 days on the way to the location, it didn't even arrive, even though it was canceled when it was close, I just gave up using shopee express ‚Ä¶"
133," It's better to use a fast express COD courier instead of using a courier from Shopee, bro, Very long time to arrive. ‚Ä¶"
134," It's been a week, the goods have not arrived.. Called the head office several times, the credit has been hbs for half the price of the product, please wait, it's being investigated. Yes, I just gave up, maybe I ‚Ä¶"
135, Courier does not intend to work and do not work  
136," Why isn't my item delivered, why isn't there a cellphone number. To tell you where I live ‚Ä¶"
137,Aww
138," The work takes a very long time, it's different from the fast guy, he's right on time, it's really slow ‚Ä¶"
139," This is my personal opinion, shopee express is the best compared to other expeditions, because the average person who posts here is disappointed, those who are satisfied with the shopee express service don't comment, ‚Ä¶"
140," This seems like the delivery guy suddenly 9.9, the package hasn't arrived at the house for 3 days, the neighbor's office doesn't even have my package, where is it? ‚Ä¶"
141," This is a very strange delivery service, suddenly the status of the recipient is not there, even though there are people all day, please help, there are a lot of people who are disappointed with the service. ‚Ä¶"
142," Long, ges 3 days yet to come. fried work  "
143, The employees don't want to work. Sending packages also rescheduling continuously.. Shopee the service is very bad ‚Ä¶
144," Where is the status package sent to the destination address should be on Sunday, it is still the destination address, right? ‚Ä¶"
145," The package hasn't arrived yet. It's been 4 days, I'm sorry, shope, please evaluate again ‚Ä¶"
146," This expedition is really fraudulent, maybe the order status has been received, but my order hasn't arrived at me yet. tsk tsk, professional, don't take people's orders ‚Ä¶"
147, PACKAGES IN TARO DPN DOOR D WHEN PEOPLE ARE NOT AVAILABLE D RMH. WHERE'S THE BRAIN THE COURIER! CALL KEK.. SEND LG THE NEXT morrow.. PACKAGE IS LOST BGST ‚Ä¶
148," Please send my package, it's not usually stockpiled for up to 2 days, I need it, it's already past the estimate ‚Ä¶"
149, When will it be sent if the goods are in the warehouse  
150, WOY WHERE AING ITEMS?! STATUS HAS BEEN RECEIVED BUT THE ITEM IS NOT AVAILABLE UNTIL 1 DAILY STAY AT THE TERRACE OF THE HOUSE HANGING BUT ABOUT THE ORDER HAS BEEN RECEIVED G0BL0K! ‚Ä¶
151, The package has not arrived but the status has been received in my own name :
152," I've ordered an item until now, I haven't received it, the one who sent it is belegug or what, the address is clearly listed, the phone number is also there, but no one has called or contacted ‚Ä¶"
153," Bad delivery service!! The package has been in Bandung since this morning, it doesn't move at all until the next day!!! ‚Ä¶"
154," Very disappointed, even though I shopped at Shopee and the shop is the same from Bandung. It's a shame that shopee now can't choose your own expedition. Usually I use another expedition, the package is safe, because ‚Ä¶"
155," Sorry, do you have an office number to call? I want to make an offer of cooperation.. ‚Ä¶"
156, The delivery took so long. From the 14th until now it is still waiting for delivery. How could I bring it to the office myself ..... ‚Ä¶
157, Podol hayam expedition  
158," How come there's no employee??? My package has been delayed for 3 days!!! I'm tired and don't want to use this delivery service anymore, until now the item hasn't been sent, even though I really need it!! From ‚Ä¶"
159," Shope express payaaaaaaah,, the courier is lazy and doesn't want to come even though it's arrived this morning,,üñïüñïüëéüëéüëéüëé,NON-ACTIVATE THE EXPRES SHOPEE MAKES A LOT OF PEOPLE EMOTIONS,, I'M SORRY using shopee ‚Ä¶"
160, the package from the 1st of september it's not clear where the status is.. hadeeeh.. i'm too lazy to use this expedition!!! ‚Ä¶
161," really bad shopee express. It's been a long time since the delivery, the courier is not clear, the point is really bad ‚Ä¶"
162," It's bad, I'm sure that if this continues, it will definitely go bankrupt soon, the recipient's name is not written, even my name, even though I didn't receive it, at least give news or proof of receipt of photos, why ‚Ä¶"
163, Be careful the courier is not clear the item is not there but the status of the item has been sent ‚Ä¶
164," Wow, where's my package, it's been playing for a week now ‚Ä¶"
165," Then how many days have the goods been in the warehouse, even though they really need the goods from Jakarta, it's only for a day, there's really no courier or what. How is the rating from the others too bad. Should ‚Ä¶"
166,"slow, unprofessional"
167," This is really bad, the mening expedition doesn't have to operate at all, when the status is received, I haven't received it at all, the people at home also don't receive the item, but the status has been received ‚Ä¶"
168, slow delivery  
169," The package has not arrived for 3 days, it just keeps playing around, in the statement it was sent to the recipient's address but in fact it just returned to the warehouse like that. ‚Ä¶"
170, Delivery from jkrt - old bandung is amazing  
171," Since there is no shopee drop point in my area, you have to stay far away. Friendly service ‚Ä¶"
172," My package status has been received but I didn't receive any items, how about this? ‚Ä¶"
173," The package has been received even though it has not been received at all, the courier is less responsible!!! ‚Ä¶"
174," the item has not been received, it has been said to have been received.. the incident happened on 19 8 2021.. it's really bad shopee express ‚Ä¶"
175," Even though the courier is friendly, the goods are proven to arrive because shopee is always cut by people, it's clear that the recipient isn't like other expeditions, there's no photo directly playing, love, this is ‚Ä¶"
176," Delivery is quite long, the status is being sent, it has been updated in the morning x but until the afternoon the goods have not arrived ‚Ä¶"
177," #mypackage It's been the umpteenth time I'm disappointed with jasper shopee.. a non-cod package, first suddenly the status of the package has been received and the name of ‚Ä¶"
178," Really shopee express jkt-bdg 6 days until now it hasn't arrived"" I'm tired of swearing ‚Ä¶"
179," I've been disappointed twice... first, suddenly the package was received and the recipient's name was unknown, but thank God it turned out to be a neighbor. Today is the second day, he said the package has been ‚Ä¶"
180," Where is my package, it's already rich from abroad, it's been a long time. Position there ‚Ä¶"
181," Who received my goods wow? Why the phone call is not the item I received but it didn't reach my hand, it's just a shame that it's just annoying ‚Ä¶"
182," I ordered from the 30th until now not yet arrived... do you intend to open an expedition!!!!! It's very far from J&T, JNE, SICEPAT, NINJA,, if you can't afford to make an ‚Ä¶"
183," For the first & last time using shopee express services, I don't want it anymore! It's been a week the package has stalled in South Jakarta, where have the goods ‚Ä¶"
184, Delivery takes a long time even though it's within Bandung ‚Ä¶
185," Until now, the order has not arrived, but since the 29th it has been sent. On the 31st, I walked to Karawang, but to this day I'm still in Karawag. Just now, I ordered shopee, the delivery was shopee express and it ‚Ä¶"
186," Very disappointed with the Shopee Express service. Delivery is still one city 6 days not yet arrived. Kapok with Shopee Express service, it's better to just deactivate it. ‚Ä¶"
187," Every time I use the standard shopee express it's always long... every time I order an old one, it's been many times!""!!! Shopee express should be fast, right? Please improve the service again... make consumers ‚Ä¶"
188," Wow, it's true, the package hasn't arrived for 5 days, even though from Jakarta to Bandung, the one from Surabaya using the other side of the expedition arrived in 1 day, please :"
189," Disappointed with shoppe please where my goods should arrive on the 3rd yesterday, lol :"
190, Tired of taking so long  
191," My package didn't arrive, wow  "
192," The package from jkt to bdg was really fast, but when it arrived, it took a long time right?? ‚Ä¶"
193," Ordered electronic goods until now there has been no progress on delivery, it's been 3 days, is there a problem with Shopee Express or what? It's been stored in the warehouse all day, yesterday morning it arrived in ‚Ä¶"
194," My package was the same week now, where is the skincare content anymore :"
195," Don't know what to say. What is clear is that my package doesn't work, but its position is in Bandung. Even though from the 29th until now no one came.. ‚Ä¶"
196," Sending from Bandung to Bandung just arrived 6 days and it still hasn't arrived I'm surprised the staff only once... Shopee devil, my package didn't come ‚Ä¶"
197," Delivery from Jakarta to Bandung within 7 days still not arrived. Delivery from 26 July, now 2 August the shipping status is still in Karawang. :'"
198," How can you speed up the delivery, please, for PPKM reasons, but there are no problems with other expeditions, 1 or 2 days it has arrived, my item has been in Bandung for 2 days and didn't go forward, yesterday's ‚Ä¶"
199, Zonkk  
200, Critical  
201," It's bad that it's been 3 days of staying, until now it hasn't arrived ‚Ä¶"
202," The expedition is very slow, not like the red one for just one day. Well, it's been 5 days if you don't intend to open an expedition. If you want to choose another expedition at the olshop, you can't do it Hadeeehhh . ‚Ä¶"
203," Bandung to Bandung, it's been 3 days and the package hasn't arrived, if you can't afford it, it's better not to provide services like this ‚Ä¶"
204," Delivery has not progressed for 4 days, Bandung is still sorting, even though the delivery is 1 city. It's been 5 days, the item has not been received. Been disappointed twice because the delivery was so slow. ‚Ä¶"
205," It's really slow, it's been 5 days, the goods haven't arrived, but from afternoon to East Bandung, the destination ‚Ä¶"
206," The status of the package is received but I never received the package Where is my package, if I haven't paid for it yet, I don't know why it's already ‚Ä¶"
207, Is there a shopee office number that I can contact? Thank you üôè ‚Ä¶
208," The package was delivered from the morning to the location, thank God it hasn't arrived in 3 days ‚Ä¶"
209," It's been a long time, my order hasn't moved, it's been there for a few days. Even though it's 1 city, if a normal trip takes 1 hour to arrive, if you use ‚Ä¶"
210," JNT, JNE are the best in 1 2 days, the package can arrive immediately. I got SHOPEE EXPRESS, why did it take so long, I wonder what kind of work I do? ‚Ä¶"
211," The last time, just using Shopee Express.. Sending it to Bandung district.. 2 days not moving, the status is in the warehouse, then.. Even though the package is really urgent, it needs to be used.. Kapok?!!! ‚Ä¶"
212," on the 1st day tracking the goods are picked up in West Jakarta 2nd day sorted in Jakut, 3rd day sent again from JakBar for sorting, 4th day ‚Ä¶"
213, Look at the courier relaxed I ordered a package that took a long time to send to the destination Intention to work or play ‚Ä¶
214," Very bad,, slow delivery  "
215," It's not clear it's not clear it's not clear, it's explained that the location is not reachable while ordering other items on the same date arrived yesterday. Obviously my house is on the main road. I uninstalled ‚Ä¶"
216," Why hasn't my package arrived in 1 week? even though it's the same from Bandung to Bandung. I deliberately chose the same city as where I live to be faster, but it took too ‚Ä¶"
217, The package status has been received even though the buyer has not received it ‚Ä¶
218, Package Mana Package! Lama Kie aduhh aing mah kacau  
219," Hello, this courier, what do you do? My package has passed 4 days and it hasn't arrived. I feel like if I use another service, the longest it's only 2 days, it's already 4 working days, what's so bad, the workplace ‚Ä¶"
220," The package has been 3 days aka 3x failed to send the courier did not contact at all. If this is a stale package, who is responsible? ‚Ä¶"
221," I haven't received the package, but the package has been received? How is this? Where is my package? ‚Ä¶"
222," It's bad, fellow Bandung cities, why can't other expeditions arrive quickly ‚Ä¶"
223, It is stated that the package has been received even though it hasn't been... how about this!!?? ‚Ä¶
224," why are you so upset.. the free postage event went astray, said inspiration. what makes it take so long is the person seriously asking if using a delivery ‚Ä¶"
225," Searched according to maps, not even there. What a lie. Should be updated with the new address ‚Ä¶"
226, It's been so long ah tai  
227," How is this, my package from the 25th until now, I'm still here in Bandung dc, there's been no change, how come I'm tired of using this, please send the package, why is it taking so long, even the food is getting ‚Ä¶"
228, Friendly  
229," hi, shopee has passed the estimate but the item is still on its way, but semams is bandung. no movement at all ‚Ä¶"
230," It took a long time to arrive, I was tired of waiting, when the package arrived, I uninstalled shopee and changed to tokped byee ‚Ä¶"
231," how about this, the package stops here forced to use shopee expedition because there is no other expedition THIS IS THE GOODS PEOPLE WAITING FOR DON'T PLAY FOR LONG, REALLY THE DELIVERY. ‚Ä¶"
232," Please add a banner or something, for the first time there like me, I must be confused to find the place ‚Ä¶"
233," since the 24th the package has been on its way and there is no movement at all, it's already past the estimated delivery date, ask shopee cs, they say it's arrived in east bandung but until today it hasn't arrived, ‚Ä¶"
234," Where is my package? It's been from the 25th in the morning.. It hasn't arrived* to me yet. The trustworthy one is the courier / delivery party, ‚Ä¶"
235," How is the delivery of my package, the last update was on June 24, 2021 at 12.01, the package has arrived at the eastern Bandung hub, I thought yesterday afternoon the package would arrive or at the latest on June 25, ‚Ä¶"
236," Delivery from jkt-bdg, laammmaaaa baannggeettsss! Do you intend to work? ‚Ä¶"
237," I had to use this expedition because I forgot to change the delivery service at shoppee. Finally, this is it. According to my expectations, the goods are stuck in the warehouse. In conclusion, JNT is indeed the best. ‚Ä¶"
238," in dc bandung this is the longest possible from the sorter too, replace employees who have loyal and responsible nature ‚Ä¶"
239, Delivery within the city of Bandung to Bandung 2 days has not arrived yet Ô∏è ‚Ä¶
240, Disappointed with shopee express but delivery is always directed to shopee express can't choose another expedition ‚Ä¶
241, ok steady  
242," The courier is not professional. Always giving false reports to the company, the package hasn't arrived, it says the recipient can't be contacted even though no one is calling, the cellphone is still active. SIGA NU ‚Ä¶"
243, There is no signboard beside the road. if from the direction of the market 200 meters to the left. ‚Ä¶
244," Please improve the performance, the item from the seller has been sent very quickly but the expedition doesn't know where it's piled up, I don't know where, on June 12, 2021, at around 2 pm there was news from the ‚Ä¶"
245," very long delivery, like I don't intend to be an expedition party. even though it's still in Bandung, not outside the island :"
246," Not professional anying, stuff aing up Now can come ,,, disappointed for God's sake, where is his responsibility woooyyyy ‚Ä¶"
247," There are too many consumer stories/reviews about shopee express, so this 1 rating explains everything ‚Ä¶"
248, It's been a long time üòÖ  
249," PARAAAAHH!!!! The package has not been received, the status has been received... who is receiving this???? ‚Ä¶"
250, Conch conch..  
251," It's very long, even though shipping from Jakarta to Bandung, it's better to use JNT or JNE faster ‚Ä¶"
252, Where to buy quality fish seeds  
253, the original is really long.. it's better if you just close it if you can't go fast. not really ready to be an expedition. ‚Ä¶
254," I haven't received my order yet but the delivery status has been received, I asked the shoppe team just to give a refund suggestion, what's the story, wow, the shop has sent it but the delivery team has no ‚Ä¶"
255," Good people, friendly sipp  "
256,ok
257, Blocked  
258, It's been a long time I swear pdhl jkt-bdg but it's been a really long time having to wait it's really weird ‚Ä¶
259, Where is my item.. in the delivery report I have received the item.. where is it tracked it's not clear the courier ‚Ä¶
260, Excellent  
261," It's really bad, even though from Bandung to Bandung the delivery took so long, what's going on with the courier... even though the item is going to be used with me... the stock item in North Bandung is a bad hub, but ‚Ä¶"
262," I'm tired of this one, delivery is delayed ngt  "
263," The delivery took a long time, yesterday the status was on its way to your location from the morning waiting until the afternoon, it wasn't there, eeh when it was late, I changed the status to ""the delivery attempt ‚Ä¶"
264, I feel like I didn't receive the package but it said the package was received. How about this! There is no responsibility at all from the courier playing sending to people I don't know where there is no confirmation! ‚Ä¶
265," I understand again with this delivery, if there are other shipping options, it's better to use another one I swear !!! It's just being left in the city, it can take days for delivery using other expeditions, a maximum ‚Ä¶"
266, Superrrrr leletttt  
267," Fast delivery, lovely and friendly staff  "
268," TAKE A LONG TIME AS A SELLER, I ALREADY CAN DO 2 POOR FOR THOSE WHO BUY IN MY SHOPEE STORE, THEY CAN'T CHOOSE DELIVERY SERVICES ‚Ä¶"
269," The longest expedition I have ever chosen, even though the sellers are still the same as the city of Bandung ... slow pisan ‚Ä¶"
270," I have never been disappointed with Shopee, even though there is a delay for goods to arrive home, but compared to other yvs, it is more comfortable to shop at the shop ... ‚Ä¶"
271, Very bad  
272," No wonder the stars are small, I just experienced the package has not been received but the check has been received on my own behalf ... funny ... how does this work how come ... even though the cellphone number is ‚Ä¶"
273," Punteun for the courier, if you want the goods to be entrusted by another person, call the owner of the package first ... Dizziness going back and forth looking for the recipient's name ‚Ä¶"
274, Shopee warehouse  
275," badly, the goods have not been received, or they have been received by the courier. there is no money ‚Ä¶"
276," Even though it's already in the destination city, how come the stak in northern Bandung HUB is more than 1X24 hours the status of the package doesn't change, ‚Ä¶"
277," What a mess, my package was stored in the warehouse and didn't know when it would be sent to my address. It's a pity Shopee has an expedition like this. If you can't do it, don't work ‚Ä¶"
278," Shopping at Shopee, there is no courier option, I was forced to choose Shopee Express, I bought a cellphone for 1 week, it's still here ... ‚Ä¶"
279," Please improve in terms of performance if necessary, add more Kariawan so that delivery can be faster ‚Ä¶"
280," The package doesn't arrive, what are you doing in the warehouse for days? Work intention or not? ‚Ä¶"
281," What is the fate of the package stuck in DC or courier?  I also received it 2 days ago in the package system, even though I had not ‚Ä¶"
282," Super slow delivery ,, the management is chaotic  "
283," The goods ordered have arrived at shopee hub Bandung from Wednesday 12/05/21, until today 16/05/21 there has been no report sent to the destination address. Even though it was an order from 10/05/21. This is the first ‚Ä¶"
284," This is really bad, the name of my item from May 12th, I still continue to do it at the North BDG hub. while I asked the courier who delivered other items to the courier, the courier continued to work without taking ‚Ä¶"
285," Status ""delivery failed, recipient not in place"" Really HOAX, 24 hour security no courier showed up ... this is really bad, whether the employees are lacking or the human resources are lazy ‚Ä¶"
286," forced to give 1 star. if you can without a star it is better without stars. regret shopping here. Forced delivery using Shopee Express but disappointing. more better at the PEDIA STORE, OPEN FACEBOOK can select a ‚Ä¶"
287, incomprehensible ah cheap onkosna  
288," Crazy, severe, Bandung, Cirebon, more than a week, buy another item at the same time, using 2 days has arrived !!! Disappointed when I use the express shopee, the goods have been in Cirebon for 3 days and didn't send ‚Ä¶"
289," Sorry this is an express shoppe or a Lolla shoppe ... The name is Express delivery, it seems like it's old ... ‚Ä¶"
290," The delivery service was disappointing, 2 times boro2 express, which took a long time to arrive ... last yesterday the goods were delivered to 8 hours waiting for not arriving until evening, instead they returned to ‚Ä¶"
291," It is clear that the statement is sent during office hours. At 8 in the evening, I sent him thinking I worked 24 hours ‚Ä¶"
292," MALES BANGET PAKE SHOPEE XPRESS, LAMA :"
293, VERY BAD!!!  
294, Long  
295, WHERE ARE MY GOODS WHERE IS KNPA CLAIMED ACCEPTED IF THE GOODS I DIDN'T RECEIVE? ‚Ä¶
296," How to contact the shopee express, gimnaa? !!!!  "
297," The delivery took a long time,  "
298," Lemottttt, very slowtttttt  "
299," The original is bad for this delivery service .. Really, it's still in one area of ‚Äã‚ÄãBandung, it takes 1 week, while at Shopee we can't determine the choice of expedition like the previous one .. ‚Ä¶"
300," This is the game, my package hasn't arrived yet, Uda's notification has arrived. Please trust meüò• ‚Ä¶"
301," For those of you who haven't arrived the package, it's with me too ... it's bad ‚Ä¶"
302," crazy, the old man should have come today but stuck in a stumbling blocküëéüëéüëéüëé ‚Ä¶"
303, GIMANA SIH SHOPEE EXPRESS PACKAGE OF NGESTUCK CUES IN BANDUNG TRUS UDH ALMOST 4 DAYS WHEN TO SEND ‚Ä¶
304, VERY SLOW ALTHOUGH COMPLAINTS ALREADY BUT NOT SIGNIFICANT FURTHER FOLLOW UP. ‚Ä¶
305, I swear to give up using Shopee Express delivery. it's been a long time sorry. period of goods from Jakarta to Bandung 5 days. still haven't arrived my item ‚Ä¶
306, Cantumin phone no.  
307," How has this been received in the shopee, even though I haven't accepted the responsibility yet ‚Ä¶"
308," The package stays there for a long time, until 3 days. do not intend to work what do you do, don't bother to join in opening an expedition if that is the case ‚Ä¶"
309," Information is very, very NOT PROFESSIONAL !!! There are no contacts to contact, the error sending status is out of sync! I suggest it's better to use Jente or Jene more clearly. ‚Ä¶"
310," Where is my package, but it doesn't arrive, where to send it to my parents-in-law ‚Ä¶"
311," My package has been left in the warehouse for 2 days, not sent to the recipient's address. You can't take it yourself, you don't even know when to send it. Complaints have been made by chat, email, telephone, but ‚Ä¶"
312," Worst shipping service !!! The status of the package has been received in my father's name while my father never received the package, he should have called to the number listed on the package ‚Ä¶"
313," I'm sorry about using this even though other couriers are speeding up, afraid like last year the goods were sent after Eid even though the goods were used on Eid, where is Bandung taking so long again ... the ‚Ä¶"
314," Bad, in my opinion shopees don't have to participate in making delivery services, if the service is bad, let JNE J&T etc. take care of the packages, they are the experts ‚Ä¶"
315," Yes, the package is actually there where the person has been waiting for the time when the shopee status has been received even though the item has also been received, it hasn't been lolled. I swear when I regret ‚Ä¶"
316," My order from yesterday was being delivered by courier, but it didn't arrive ‚Ä¶"
317," My package hasn't arrived yesterday ""  Courier is less responsible, for their obligations ,,,, üòî ‚Ä¶"
318, Looking at the comments of the public who are waiting for items for Eid :
319, Old Bandung fellow  
320," Worst delivery service, slowest courier among the others! ‚Ä¶"
321," It's really bad, the package status has been received Even though it has not been received at all high school, I have asked the neighbor's high school family also no one has accepted ‚Ä¶"
322," It's so bad it's been a week I haven't arrived, ordered pants, sorry Shopee Express, it's disappointing, don't want it twice ‚Ä¶"
323, I'm sorry about using the express shop ... it's taking a long time ... it's not like another expedition ... my stuff hasn't arrived yet ... how do I do that ... who should I contact ‚Ä¶
324," From the 5th, why is my package still in Bandung warehouse? It's been really long .. Please improve the service. It's already been shopping, you can't choose an expedition, this expedition can take a long time ... ‚Ä¶"
325," Liar ... the status is accepted even though it doesn't accept it at all ... I don't know where to run CS chat and email doesn't help at all, instead I was told to wait ... it's better for regular expeditions, it's ‚Ä¶"
326," The delivery takes a long time, usually if the status has changed, it is being sent to the location in less than 1-2 hours and it has arrived, it's been days ""ganyampe"" what do you get lost for example if it has not ‚Ä¶"
327," The delivery is long, please fix it  "
328," My package is ready for 5 days and yet, the game continues, this warehouse shoope has not been confirmed yet, there is no responsibility ‚Ä¶"
329," The package I use Shopee Express is really lsma, try if another expedition arrives in 2 days, it's almost a week from Tangerang-Bandung ‚Ä¶"
330," first time using Shopee Express, it took a long time to arrive. 11 days just arrived. the second time I used it, I thought it would take too long. apparently not! goods sent on the 4th, the 7th to the. This is fast in ‚Ä¶"
331," Come on, let's go ... the packages from Bandung, stop in Bandung too ... from the 3rd, now on the date ... it must be on the 5th ... it's already past 2 days ... !! It's really bad, there's no movement ... ‚Ä¶"
332," It's crazy, it's been 4 days for the package to get stuck in DC Bandung üôÑ where's it for Eid. Confused where to call, you know it's better to use Laen's shipping service ‚Ä¶"
333, Thank God until on time  
334," Woooyy, my package didn't move from May 4, still in Bandung DC all the time. It's really bad for a long time ‚Ä¶"
335, Bandung-Jakarta up to 3 days more. Why don't you try  
336," MY PACKAGE WHERE BEKASI BANDUNG IS STILL THE SAME SAME WEST JAVA KOK CAN CAN 2 DAYS GA SENT, SHOPEE ALESAN OVERLOAD CONTINUES TO CLOSE WHEN GABISA JD EXPRESS EXPEDITION ‚Ä¶"
337, Usually you can use a delivery service using fast / fast 2 days until Jogja now you can't choose really bad. It's been almost 1 week it's still sorted in Bandung for a long time. ‚Ä¶
338," Worse, my order has been stuck at the warehouse for 2 days, not to mention the trip to my city "
339," I ordered a package from Surabaya, Bandung, it has not arrived for 4 days, even though if I use J & T, I have received 3 days ... disappointedüò†üò†üò† ‚Ä¶"
340," My package was not sent for a long time, it took a long time to transit in Bandung ‚Ä¶"
341," 3 days package is still on DC. slow messy. I've been waiting a long time. If you can't choose a service, you can even go on an expedition like this, it's better to use J&T / ID express. ‚Ä¶"
342," Shopee now has no choice of shipping services üôÑ you can only choose regular or economical. Ehhh choose regular, get shopee express. The delivery from Bandung to Bandung in 3 days hasn't arrived either !!! How about ‚Ä¶"
343," Slow, Sorry !, Really Nyesallll !!!! Slow!  "
344, MY ORDER WAS 5 DAYS STUCK IN DC BANDUNG  
345, Please send my package ... Udh 3 days still DC in Bandung there is no change üò≠ ‚Ä¶
346, It's been 1 week my package hasn't arrived yet .. even though it's only from Tangerang to Cianjur. ... please fix it again ... And the game hasn't arrived yet ‚Ä¶
347," It's been 3 days that my stuff has stopped at the Bandung shoppe warehouse !!! When is it finished woi! Don't overtake 5.5, choke! ‚Ä¶"
348, better recommendation to hurry up. instead of using the old shipping service like Shopee Express ‚Ä¶
349," So I was worried that the reviews were all bad, usually I use JNT or Sicepat, now I can't choose my own delivery service. the message from Bandung to Cirebon in one day should have arrived, this is still sorted in ‚Ä¶"
350, Shopee corp's monopoly and package distribution is slow!  
351," Not recommended where items are rarely updated, even though fellow Bandungers have to be faster ‚Ä¶"
352," The update is long, it & amp; # 39; s not really recommended ‚Ä¶"
353," Shopee, if you're ready to make an expedition, don't make it, The service really took a long time, the goods didn't arrive ‚Ä¶"
354, Office too  
355," Delivery of fellow Bandung old, even though fellow Bandung ‚Ä¶"
356," This is my only experience, yes, if you buy goods at Shopee, continue to use this courier. Get ready for gambling, yes the price is cheap. But sorry the quality of service is cheap. ‚Ä¶"
357," The delivery from Bandung to Bandung regency took a long time, the status was not moving from morning to night, or else the package would arrive or not ‚Ä¶"
358," send my stuff here, want to use it, instead stay away !!  "
359," For the sake, the status is always sent. Even though there is no package. So it works fast, okay? ‚Ä¶"
360, Blog  
361," I ordered goods at Shopee, at 12 pm I checked the status of the order written that it was received at 21:44. However, no one at home had slept at that time, no courier came to the house. Where is my package ??? Read ‚Ä¶"
362," Kapok the one who was supposed to be on the 26th until today, or where is the package today, checked from yesterday yesterday. ‚Ä¶"
363," With credit, the courier can call you at the front. or not, at least the application can make free calls using a data package. ‚Ä¶"
364," I swear why the Shoppe Express. Lazy at what the worker is lazy. The last estimated item for the day came. But there's no news yet. Crazy, really long. No more using the Express shop. Very disappointed... ‚Ä¶"
365," If you can choose an expedition, choose Shopee Express. express what ... longeeeeeeeeeeeeeeeeeeeeeeeeeeeeeeeee. ‚Ä¶"
366," The delivery status has been received by him, but there is no delivery of the package home. Where's my package ??? üò°üò§ There is no contact courier / hub office. how do you want to trace this ?? ‚Ä¶"
367, This Is What You Called Express? Packages Stuck Exceeded Days Over Estimated ‚Ä¶
368," Estimated date on 19 arrived, this has not arrived from the 15th, how long it has arrived, even though the item you want to use is according to the estimated date, how disappointed is the express, halu, this is it ‚Ä¶"
369," It took a long time, God, the package didn't arrive, I checked the receipt with the courier but the delivery failed, even if a courier came or not. ‚Ä¶"
370," I give a 5 star because for the courier it is good, or the home address is called first, it's not the first time seeing a courier take a car but not a shopee car, for those who give 1 star, let's change the position ‚Ä¶"
371, How do you apply for a job here? I want to work as a shoppe courier ‚Ä¶
372, Bad  
373," I give you one star, the expedition period which should have been until 13-14 this date has not arrived yet, he said on the street, I waited until this hour yet to arrive either, are the workers professional or not? I ‚Ä¶"
374," Sorry bro, how come my package hasn't arrived yet?  "
375," To make matters worse, my shopee express order was on 12 in the afternoon. 12 o'clock and the store has been sent ... Just when I tracked it down on the 14th to the warehouse in the afternoon ... ‚Ä¶"
376," The package from April 9 until now has not arrived, the service is bad üò° ‚Ä¶"
377," The service is not satisfactory ... the recipient of the shipment for special conditions, if it doesn't come in, it doesn't want to accept the shipment ... so accept sending the goods at will he wants ‚Ä¶"
378," Why did Shopoe take so long, even though the goods had to come today, and until now no courier has delivered why ‚Ä¶"
379," It's not worth it if this is a shopee recommendation expedition. My delivery has been stuck for 2 days in DC Bandung, I understand that you are ‚Ä¶"
380," being sent to the address, but it didn't arrive in 2 days, it's really bad ‚Ä¶"
381," Why is the status already received? I don't feel like receiving it, the status at 22:32 was received, how do I want the call center hub not to connect. It's a lie until there is a signature ‚Ä¶"
382, Lila pisan  
383," It took a long time to arrive, it should have been in the warehouse, it didn't move :"
384, Shipments fellow bandung now 3 days huh? üòÇ Already rich from out of town to Bandungüòä ‚Ä¶
385, Fastest delivery won by shopee Express BUT BOONG  
386," It's been 4 days or so haven't been sent, really slow isn't there any consistent work, huh? ‚Ä¶"
387," Now Shopee Express is really taking a long time, even though my package has been in the warehouse for 4 days. I hope the speed will be further improved ‚Ä¶"
388, Kapok  
389," My package was stuck in Bandung a week, even though I sent 2 packages, 1 of them arrived, the other one actually stuck for a long time ‚Ä¶"
390," In the information on the 7th item until the estimated date 7 in the package statement has arrived at Bandung, the destination city hub Until now it hasn't arrived until I'm also surprised to see other people's ‚Ä¶"
391," Wow, when my item was sent, it's been 5 days that it hasn't arrived ‚Ä¶"
392," If possible, you don't want to give stars, 5 days the goods don't arrive :"
393, It took so long to arrive  
394," The package I saw at trekking arrived in Bandung on April 2 in the recipient city, until now on the 6th the package is still silent, the Gusang Bandung doesn't move at all, is that what Shopee Express works for, which ‚Ä¶"
395," Buying the package arrived for a long time, not according to estimates ‚Ä¶"
396," Want to ask, can you send the package here?  "
397," Very slow for delivery from Jakarta, Bandung, from April 2, April 6, samples have not arrived yet. Even though on April 4, the status of my package was already in Bandung, the warehouse hub. Yes, Kircon Pajajaran 2 ‚Ä¶"
398," Shop at Shopee if sent by Shopee Express, it's better to cancel a really old dog from Bandung to Bandung for 5 days, right? But people need an estimated 2 days like tai, it's better to go straight to the shop tai tai ‚Ä¶"
399," My package should have arrived on the 3rd now on the 6th of April, not yet, until I still stay at the warehouse in Bandung Hub ‚Ä¶"
400," Not a recommendation for Jakarta Bandung for more than 4 chaotic days. If you want a business, use this to run away ‚Ä¶"
401, ALL CALL CENTERS GA CAN BE CONTACTED. DELIVERY VERY LONG THE GA SAMPE2 EXCEEDS ESTIMATED. ‚Ä¶
402, But it took a long time to send from Bandung  
403, One of the places for expediting goods in one of the marketplaces is the Shopee Express ‚Ä¶
404," What do you mean? I saw at STTS, morning 9 hours again on the way to the location, but until the mlm didn't arrive, or call, gt asked for the address, or what, suddenly changed delivery failed ... it's been 3 days ‚Ä¶"
405," Those who are rich want to compete in Jnt class and as soon as possible, don't dream of it, Jakarta, Bandung, only 2 days doesn't make snails eXPress. How not to be slow and not humanize, the package incentive is to ‚Ä¶"
406, The staff and employees are fast  
407," The status of the package was received, even though there was no package delivered to my home address .. So where do I get my package ??? How come the Shopee Express is like this ‚Ä¶"
408," A very bad courier, irresponsible, and unsecured, the name of the courier is Dasep Mulyadi on the Bandung city route, please not be hired, impolite and irresponsible. impolite and not good service, very disappointed. ‚Ä¶"
409," My package didn't arrive, exceeded the estimated delivery limit and there was no notification of any calls or anything, I was disappointed with the Shopee expedition. ‚Ä¶"
410," Bandung Tasik how come it arrived 3 days huh? Not yet another pick-up is 1 day hehe, it's not like other expeditions that transit to the Java area just arrived 1-2 days. It's not that heavy, it's the same name as ‚Ä¶"
411, Great steady  
412," From 9 am the statement said the package was on the way to your place ""8pm Delivery failed"" don't know the address or what? My address is very clear and easy to reach across Indomerite, ‚Ä¶"
413," ""Estimated 2-3 items to arrive""  the sentence above is a hoax. ‚Ä¶"
414, Always success  
415," Another expedition bdg a day until now, only 3 days until the package warehouse. ‚Ä¶"
416, Njing saria nariat gawe teu koplok brg urg 2 poe teu nepi2 pdhl sarua bdg .. maenya ti jakatta wae 1 poe nepi ieu ti bandung keneh nepi 2 poe rek k 3 poe teu nepi2 .. sedeng .. ‚Ä¶
417," The delivery is fast, the expedition can be competitive, the delivery between cities is only 1 day ‚Ä¶"
418," Sending the package home, I said wait a moment "
419," Very bad trowel, irresponsible, and not trustworthy, the name is riandy alfauzi cikalong path, please don't work ‚Ä¶"
420," Even though the delivery is 1 city, but it feels like shipping from abroad, hahaha. ‚Ä¶"
421, Please be more humane for those who will be interviewed provided a chair. ‚Ä¶
422," Lam bgttt, I don't like it üò≠üò≠ want to cry waiting for it ‚Ä¶"
423," It's not clear from Bandung to Garut it's been rich abroad it's been a long time to call the warehouse, there isn't any. How do I want to ask for stuff, I see the receipt isn't clear ‚Ä¶"
424, The delivery takes a long time from jkt-bandung to ship from outside the island for 4 days ‚Ä¶
425, * As promised ... I updated and I updated the rating . . ‚Ä¶
426," is this the intention of the company? sending it for a long time, if you don't have the courage to compete, don't start the company. next time, change the name to shopee slow all spread casually ..... ‚Ä¶"
427," It's really bad, the item is written, it's already received but the club is not at home, who can accept it too or cs it's not really dangerous, shopee buy-buy but mace ‚Ä¶"
428," Geez, this expedition was carried by a courier from 8 in the morning with the status of send to address until now not until now even though it is the same as the city of Bandung, it's only natural that the rating is ‚Ä¶"
429," Where is my package 2 still, the period of Sidoarjo-Bandung for 2 days doesn't seem strange ‚Ä¶"
430," give up, give up, really give up using the shopee express bandung ‚Ä¶"
431, The fries work a lot. By aing followed to the morning not up to any of my houses. ‚Ä¶
432," Until now, my goods haven't arrived ... at PHPin, the delivery is high ... the march said it went to the location ... the palace said it failed to be delivered ... I went back to the warehouse in Bandung hub ... and ‚Ä¶"
433," Oh god, where is my stuff, where do you want to use it again? Shop Shopee Express is really bad ‚Ä¶"
434," There are too many rules for partners, while partner rights have not been fulfilled .. ‚Ä¶"
435," The courier is not clear. Even though it was only 2 minutes from your warehouse to my house, but it took me a long time to send it. ‚Ä¶"
436, very bad and detrimental  
437, It & amp; # 39; s really strange to be close for so long  
438," WOI GOODS IN THE COURIER FAILED TO TRRUS UDA FOR DAYS "", THE DELIVERY WAS VERY BAD ‚Ä¶"
439," severe. in the package statement received at 9:20 pm. but I don't feel like I accept ... Wow, where's the package straying? !! bner2 this is amateur courier phone or something .. hhh ugly ‚Ä¶"
440, Will the crow do not?  
441," I have accepted the status, but I have not received it. I was at home where I was, I checked CCTV too, there was no package from the express shopee .. bad! ‚Ä¶"
442," very very bad expedition. tired I wait for my package. where is there no customer service number. I accidentally pressed Shopee Express, because I usually use Jnt. really crazy from 3rd to 9th now it didn't arrive. ‚Ä¶"
443," Woyyy fake tracking the item has been received, PADAHAL GA NYAMPE !!!! Signed fake again !! please the correct one when transferring goods DO NOT DISAPPOINTED, where is the item where it can't be traced anyway, ‚Ä¶"
444," How many times have happened like this, the package has been sent to my location, but it's been taking me a long time ‚Ä¶"
445,Ok
446," How come, how come my package doesn't arrive ""even though the estimate is on the 3rd, it's been waiting for a few days, even though it says it failed to be delivered ... where do I really need more items üò≠üò≠ if I ‚Ä¶"
447," Slow pisan euy .. 2 times from Bandung is very late, slower than economic expeditions, even those from abroad can be fast if from Bandung, don't need to go to SE ‚Ä¶"
448, delivery like snails. between Bandung it & amp; # 39; s just 4 days arrived. information continues to fail .. it's only been a year don't arrive. ... ‚Ä¶
449, The name is exspres but in fact it is like a snail  
450," If you know from the beginning, it's better to use another delivery service. It's been 1 week my order has not been received, even though the estimate was only on the 4th yesterday it arrived. ‚Ä¶"
451," Not recommended, delivery from Bandung to Bandung has taken a long time. This is the first time I use the delivery service, I'm disappointed, no longer. ‚Ä¶"
452," bad service, sending packages from Bandung to Bandung just took a long time ‚Ä¶"
453," Najisss too amy ""I used to use shopee EXPRESS for a long time, it's really Bagong, I don't want to use shopee EXPRESS anymore so ahhh employees are all Dajjal's children ‚Ä¶"
454, Really slow  
455," Very bad, the notification that the package delivered by the courier from 9 to sunset has not arrived yet. How lousy. Other shipments are stuck at 3 o'clock and have arrived at 12 o'clock at the earliest. ‚Ä¶"
456, Handsome handsome stone fruit courier üòÖ  
457, Thank you Buahbuatu courier  
458," Sending continues to fail ,,,, sending takes a long time  "
459," The shipment from Jakarta to Bandung has not arrived for 5 days, the goods are going to be used but have not arrived. Please improve the quality of service üò≠üò≠üò≠ ‚Ä¶"
460," The expedition is slow, the delivery takes a long time even though it is only from East to Central, I ordered the 1st now on 4th has not arrived because of the reason the buyer rescheduled, usually I shop from out of ‚Ä¶"
461," Look at the other reviews on really bad. No wonder what happened to my stuff. Tbtb in lost item status. Haha laugh I read all the reviews. Don't eat a blind salary, it's not a blessing for his lifeüòä ‚Ä¶"
462, Great courier friendly  
463, ga lagi2 pake shopee expresüôè  
464," Shopee Express if the facilities and infrastructure are not yet launched, don't launch the expedition service first, God willing, I only used the express service for once ... the package period from Bandung, West ‚Ä¶"
465," Package has not been received ..... but the status has been sent, how about this ‚Ä¶"
466, Mantap nie shopee latjuba  
467, Strategic location. Friendly  
468," On the status of the delivery of the goods it has been received but received by someone else üò≠ what is it, so my goods are now or where they are ‚Ä¶"
469," Please admin, my package was received on 23rd ... I haven't received it until now ... Disappointed just trying to use Shopee Express, the service is like this ... Please I can't sleep here ... Thinking about the stuff ‚Ä¶"
470," It's really bad that the goods are thrown to the floor, how come if it's broken, bro, this is the first time the delivery service is so bad it doesn't have any morals to wait ... Not Recommended !!! ‚Ä¶"
471," The delivery attempt failed because the address was incomplete, even though the address was already written completely. The courier cellphone number was also not included, so I was confused about ‚Ä¶"
472, JNE is ugly  
473, Just close the company and don't intend to be a holland bakery ‚Ä¶
474," I am amused by the employees, the company does not have the same intention ‚Ä¶"
475,0 star
476, I just didn't intend to close the company  
477, It's a shame that a package from Jakarta to Bandung takes more than 5 days ‚Ä¶
478," The address is very clear, but the courier still tells us to take it, it doesn't arrive until the front of the house ‚Ä¶"
479, delivery really long ..  
480, great  
481, Long delivery  
482, Shopee express good  
483," Bandung-Bandung 3 days have not arrived, just use another delivery service Jakarta-Bandung 2 days arrive ‚Ä¶"
484," It's really bad, the item hasn't been received but the data has already been received ‚Ä¶"
485, It took a long time to ship from Bogor to Bandung .. many of them were stored for days ‚Ä¶
486, The item didn't arrive ... but it was written already received ... how ... ???????? ‚Ä¶
487," Sorry, I sent the shope agent who was directly inputted from Cibaduyut, this is the agent who was in Buahbatu, it has been 3 days since there has been no receipt update, only this time for 7 years online trading is ‚Ä¶"
488," Stuff can up why d return it? clear address, no phone available, and asia. ‚Ä¶"
489," It's been 2 days still in Bandung, when will it be sent ??? ‚Ä¶"
490," FRAUD, fake delivered status, Friday night was received at 22:31 at night with who's Boss .... no phone to WA or no regular cellphone, no one came. Masa is given to random people who hang out on the street. CRAZY ‚Ä¶"
491," Paraaaaaah, the delivery took so long from Jakarta Bandung until 5 days ‚Ä¶"
492," Please improve the delivery time so that it is faster and more accurate, my package from Bandung to Tasik has not arrived for 5 days according to the estimated receipt listed on shopee for 3-4 days but until now it ‚Ä¶"
493, The courier is really good. So my package was put in the wrong house. It should be my house number 176 
494, Toll shipping services * l  
495, The package hasn't arrived yet  
496," Really disappointing !!!! Long delivery, where is my item and can't be tracked !!!! but the information has been received, who received it, really awesome! ‚Ä¶"
497," The delivery was not very professional, I paid the postage until the house, instead I asked for an appointment on the road, it was very far, the service was the same as Jne and the fast with the reason that the road ‚Ä¶"
498," This is the drop point for direct shoppe expeditions If you want to hurry, you can take it, you can take it here, but even if the order has arrived in Bandung ‚Ä¶"
499, Do you intend to make an expedition service?  
500," 4 days of goods on the courier. Not for reasons of insufficient time and bad weather. If you don't intend to open an expedition service, then you don't need to. ‚Ä¶"
501, Hehe boi  
502," Usually the visual / first impression is a reflection of how in the future the person / company will treat its customers on another day, it's the first time using this delivery service and the results are not ‚Ä¶"
503," It took Jakarta Bandung for 5 days, an expedition service that only paid 5,000 arrived in less than 2 days, this paid in full until it arrived like sending out of the island, what are the office employees doing really ‚Ä¶"
504, Ya ampunnnn  
505," How come my package doesn't arrive after 2 days, the status is like that. How is this the further information? ‚Ä¶"
506, The courier is late  
507," Thank you, dsn  "
508," My package has been written, but the package hasn't arrived. How is this work? ‚Ä¶"
509," Delivery in the city, how come from the end of the world, yes, it's been 4 days that it hasn't arrived "", parahhh ... I live in Bandung and even the seller from Bandung sent it ... Very bad service wkwk ... I was ‚Ä¶"
510, Slow. Slow. Slow down to the snail  
511," The messengers are predatory jir bgt beware of girls. The period of delivering packages as long as you open the girl's boarding house door. Have a good adab. I'll be checking first, waiting for the opening. That is ‚Ä¶"
512," Where is the aing euy montong package updated, the goods can come ... ‚Ä¶"
513," I give 4 stars because I'm sorry for the Bandung Express Shopee rating, please, who is the manager or captain? If managing employees must be correct, I have talked with several shopee express couriers, why did it take ‚Ä¶"
514," The status has been sent but in fact the goods have not been sent. Please be professional, if the goods have not been delivered, please do not claim to have been sent., Very disappointed, so far using other shipping ‚Ä¶"
515, Woi shope xpresss my package with the receipt number ID012021494041 to send to other people who bought the card byu please help if it works well ‚Ä¶
516," The delivery took a long time to go to the snail, I just deleted the express shope ‚Ä¶"
517," which he said was express but slow The package is already in Bandung hub, even though, when it wants to be sent to the recipient's address it fails and it's been 2 days, so the impression is that ‚Ä¶"
518, really okay  
519, fried to make a lot  
520," At 10 am the package was being sent by the courier, I waited until the afternoon. Suddenly late at night when the package was traced at the delivery hub again, the buyer said rescheduling. Please the correct courier, ‚Ä¶"
521, The item arrived  
522, Broken sales using this courier mah .. long  
523," Previously, I used Shopee Express with no problem. Smooth safe and on time. But this time, it was just 9:19 PM the status ""package has been received."" I checked with the boarding house guard but there was no one yet. ‚Ä¶"
524," Wow, where's my package? I didn't receive any package but in the status the package was received. how is this lazy bbgt ... please help those who have had a case like this, how do you handle it: "
525, The place urges me to work  
526, The first star was bismillah. The problem is a bit not quality ‚Ä¶
527," Bad experience. Shopping at Shopee .. if shopping at Tokopedia and Lazada, .. safe from scammers ‚Ä¶"
528, My package has not arrived for a week morning status sent courier the status of the night is saved to Bandung Hub ‚Ä¶
529," Very bad and unsecured, the package status has been received but I have not received none of the goods ‚Ä¶"
530," A week ago, pre-ordered your cellphone via the shop .. On December 25th the afternoon the status was sent, in the morning I saw the tracking had arrived at Bandung hub, just looking for the address on Gmaps ... wanted ‚Ä¶"
531," Yes, why don't you just send the courier for free or courtesy, which is usually delivered by couriers J & T jne good, my mace is delivered back the next day. Uh, this is not the person, why should there be this ??? No ‚Ä¶"
532," KAPOK USE THIS SERVICE !! IT'S ALREADY 6 DAYS THE PACKAGE HAS COME, IT'S CRAZY ONLY NEAR ‚Ä¶"
533, Slow!  
534," Sorry bro, where do I intend to work or not? If you want to send it, you can contact me, right? There is my cellphone number there, I can get it! It's been 4 days, my package hasn't arrived "" ‚Ä¶"
535," Please process my package in the name of Rista Ariyanti, okay? ‚Ä¶"
536," Really bad. Don't ever use Shopee Express expedition services if you don't want to regret and lose. The package is lost but there is no solution or compensation, in the email there ‚Ä¶"
537, Just this time for 10 years of online shopping. shortage of goods .... the package has been perforated first ... the delivery is a thief. ‚Ä¶
538, Anjim anjim anjim anjim  
539," The delivery takes a long time, better ID Express, JNT or JNE already ‚Ä¶"
540," I'm really sorry, it seems like just a star, it doesn't improve performance, I will report this incident to the central shopee express. I was really disappointed that it kept canceling for two days instead of being ‚Ä¶"
541," 4 days in a row the goods were sent by the courier and every night it failed by reason of time, the next day the order was suddenly received even though I didn't receive any goods !!! Don't use this courier service ‚Ä¶"
542," Status received, whoever received it, no one accepted  "
543, Unprofessional  
544," really long huh ... position in East Bandung, near the office even though. if you wait 2-3 hours it still makes sense but it's like being delayed until work hours are overüôÑ ‚Ä¶"
545," bdg-bdg crazy, it took me a long time to go abroad  "
546," No more using Shopee Express, it's crazy, it's a stumbling block but it's been 5 days there's no news about the transit hub ‚Ä¶"
547, So slow Jakarta-Bandung takes 4 days the courier is not friendly anymore. ‚Ä¶
548, Shopee express pig delivery failed first  
549," Long delivery, many reasons. The package didn't arrive, every time it was sent, it was sent until late at night to be canceled. Be sent there too, just know !!! Disappointed!!! How many times do you have to complain ‚Ä¶"
550," NYESEL SO WAS SUMPAH NYESEL NYESEL, CHECK THE DELIVERY STATUS OF THE PACKAGE FAILED TO BE DELIVERED BY THE COURIER, ALREADY FROM DECEMBER 8, 2020 SAMPE NOW IS DATED 12 DECEMBER 2020 IS STILL RICH, HIS DELIVERY STATUS. ‚Ä¶"
551, best !!!!!  
552," I've been disappointed twice, the first item was received but there is a courier at 12 in the evening? The second one, I ordered goods from November 30th, uh, until now there is no one, how do you say this express ‚Ä¶"
553, The delivery of my stuff from Sunday hasn't arrived yet. Please fix and improve services and services again !!!. ‚Ä¶
554," Poor, lost to Lazada Express which reaches all regions  "
555, Sent at 09:15 until now at 13:05 the goods have not yet arrived so the courier is stuck where the goods are bought in the same city. Ah from the chaos comes gratitude does not come gratitude chaos in the mind and ‚Ä¶
556," If the status of the package has been received by someone else and the name of the recipient is not listed, what action should be taken? ‚Ä¶"
557," How about this..nyeseeeeeelll really .. it turns out that there are many bad cases..sy also experiencing it again, status received but nothing .. want to cryüò≠ ‚Ä¶"
558, long time bangsattt  
559, It's always disappointing to use this expedition. The more here is not better it gets worse. ‚Ä¶
560," My package got lost somewhere, I've never shopped at shopee, stray like this üò≠üò≠ ‚Ä¶"
561," It's bad .. The status of the goods is stored in front of the door .. But when I checked it didn't exist at all .. I asked the neighbors too .. Nothing .. There was no notification at all .. Messyooooo ... Tomorrow, ‚Ä¶"
562, Bad  
563, The first experience using this expedition was very good. 1 day after arriving from Jakarta to Bandung. The courier is friendly ‚Ä¶
564," No wonder everything takes a long time, the warehouse people are slow, even those who want an interview are scheduled for 9:00 a.m., 9:30 p.m. has not arrived yet. Not in time discipline. ‚Ä¶"
565," The package status has been received by the family member, I was asked to the closest person, but I didn't accept it, especially me. Then where were we escorted the Bambang package! ‚Ä¶"
566, LONG! sending fellow Bandung takes 3 days The pick up order on 23 November just arrived on 25 November ‚Ä¶
567," It is not recommended, the delivery time is long  "
568," It's been a long time, it's really urgent, all of you are disappointed until the crown is over, it's been 5 days the goods haven't arrived hzzz ‚Ä¶"
569," Already, every time you use Shopee Express, the package is all dented, there is not even every order using Shopee Express there is a cardboard box that is not dented !! It must be a dent! COD couriers like to ask for ‚Ä¶"
570," There is a notification that the goods have been sent from the morning, until this afternoon there is no Which day is Sunday again, I can't play waiting for the package to arrive, it's ‚Ä¶"
571," what is this? in the application it was written, it arrived on my behalf, but no one asked the security guard at all, he said there was no courier at all that passed today, I can take legal action, not because of ‚Ä¶"
572, It's really dirty ... the things that are said to have arrived ... I haven't received it at all ... be careful who use this service ... not recommended !!! ‚Ä¶
573," It is not very good for the courier, without prior notification before sending the goods to play, it confuses the recipient of the goods. "
574," Oh, my God, my package got lost, what's the problem if I don't first confirm via wa? Right in the afa package my wa number !!! üò° ‚Ä¶"
575," It doesn't really recommend ... my package on tracking has arrived at me, but I haven't received the package until now there's no clarity ‚Ä¶"
576," I think, I'm the only one who commented on a long time ago when I sent it on a bicycle, what kind of bicycle is this otopet, the season for a healthy lifestyle ‚Ä¶"
577," Worse, if a COD delivery rider calls, if it's not COD it doesn't call all the wrong results of sending my package or where now has someone received it on my own name but I didn't receive the package. Kan konyolll. ‚Ä¶"
578," The status of the goods has been sent and received by me, even though I was at home and did not receive the goods at all. Complaints here and there are not given a satisfactory solution, instead they are told to ‚Ä¶"
579, Good  
580," WOW FAKE tracking status. the status was sent by courier, I was 24 hours home, instead the window opened ‚Ä¶"
581," Worse, no trust!  "
582," It has been 2 days in the check that the position is being taken to Cimahi Indeed, Bandung Cimahi is how many thousand kilos it is ‚Ä¶"
583," It took a long time, I was really disappointed that the package had been tracked all day. The package was still at that hub, and it wasn't sent. Duhh this gimna ‚Ä¶"
584," no more ""using Shopee Express, where does the express come from in Bandung, I haven't arrived for 4 days, where do I want to go to the show again. sorry to choose this courier ‚Ä¶"
585, My package didn't arrive  
586, steady  
587," The package stuck here a week, asking to be sent as soon as possible, there were even many reasons. No brain. Buy brains there and go to the Nasi Padang stall !! ‚Ä¶"
588," Where's my package ?? It's not been 3 days until 2, with many reasons .. !! First, the recipient cannot be contacted, the person clearly continues to have an active number, no phone comes in, he says it can't be ‚Ä¶"
589," What do you do with the progress, if the courier's welfare is bad, the foundation that covers the courier is not professional. Now, thank God, I've got a decent job. ‚Ä¶"
590," This is the first time using this courier, and until now the goods haven't arrived at all 4 days the status was sent to the courier, I don't know where did the courier ‚Ä¶"
591," Honestly, I was worried about using Shopee Express Standard because I haven't. Plus I read the review so I regret it. But it turns out ... out of my 4 packages the same day 2J & T vs 2ShopeeExpS the score is 2-0 for ‚Ä¶"
592," reputation risk, one risk that is difficult to fix,  "
593," All give negative reviews about this expedition, yes the name is also monopoly. For items managed by Shoppe, they must come through here, if it's a long time, just be patient. ‚Ä¶"
594, WORST!  
595," Ugly beud. Long. Ga professional. Can you judge yourself from other reviews. If possible, give 0 stars. I'll do it. ‚Ä¶"
596," It took a long time, even though the shop was the same in Bandung, until 4 days had not arrived ‚Ä¶"
597," Kapok using Shopee Express. This is the first time using this delivery service and is very disappointed. I received no package at all, and there was not even a courier to deliver it to the address, but in the tracking ‚Ä¶"
598," I was shocked to read the reviews, but not what they said. ‚Ä¶"
599, Made a fictitious package status ... on the grounds that the buyer rescheduled ... even though the courier didn't show up ‚Ä¶
600," Clear tracking status delivered by courier, canceled the next day, delivered again, jkt-bd, almost a week, I haven't got it "
601," My package has not arrived, but it has been claimed that the person concerned has received it, how is it worth it? ‚Ä¶"
602," Just dissolve the expedition !!! If you guys order goods using this expedition, if you can COD, don't use shopee pay, so you don't lose, I just came to the office to pick up my stuff, instead ‚Ä¶"
603," I used the old shopee express, he said he was being sent by a courier, but suddenly the delivery failed because the buyer changed the schedule, can I change the schedule? ‚Ä¶"
604, Lamaaaa  
605, Stuck in Bandung hub even though I have been waiting for hours and the distance is not up to 4km from my house ‚Ä¶
606," Yesterday he said the package was being sent by the courier and then it was canceled I understand maybe because of the rain. Then this morning I checked it had not been delivered again, it was delivered at 10 am. But ‚Ä¶"
607," Trial delivery on day 3 ... the first and second day at the courier but he said it failed, I don't know the reason, the courier also doesn't have a phone ... this doesn't know whether it arrived or not ... nyesellll ‚Ä¶"
608, The package was sent from Bandung DC since 4 days ago. But the package status still doesn't move. Still in the process of sending to Malang. I don't know where it arrived now. Please repair shopee express service ‚Ä¶
609," It's really bad that the package delivery hasn't been completed, it's already 2x attempts to send the package, üôàüôà ‚Ä¶"
610, The recipient requests a reschedule. Even though I didn't ask at all ... I didn't contact him either ‚Ä¶
611," The status was sent kuri, canceled, sent by courier, canceled. Pokonya NOT REALLY RECOMMENDED Do you know how to use the Shopee Express ‚Ä¶"
612," Stts when it was received but the package didn't exist ... just take it, but it's a sin for you to take someone's ‚Ä¶"
613, The package did not arrive  
614, The instant message is written 3 hours until it & amp; # 39; s already 2 days it doesn't arrive even though I have paid dearly. Give up using the Shopee Express service ‚Ä¶
615," You don't need to use this shopee express anymore, I regret using this shipping service. very different from the other expeditions I've used. It has been a long time adding that the shipment is not clear, cannot be ‚Ä¶"
616, Very long delivery  
617," MANDATORY SELLER, in the application there is only delivery to the counter, uh tricked, the closest one is 30 minutes from my shop üëç ,, trying to call the counter asking for ‚Ä¶"
618," the service was really bad, the items arrived long  "
619, OLD .. express what's slow like this.  
620," the delivery took a long time, even though from Friday the contact was already done, but until Monday it hasn't arrived "".. ‚Ä¶"
621," My package is not there at all but the scroll has marked the package as received on my husband's name even though the package is not here yet my husband is off work now on Sunday, please help for accountability ‚Ä¶"
622, My package has been received but I don't know who received it ... he said on behalf of the family member's blessing ... ngaraaang ... send the package at 10 mlm ... can you call first ... something wrong whit this ‚Ä¶
623," The plyann is very bad, even though the goods are not the same; "
624, telalulama  
625," The item didn't arrive, the report was finished  "
626," please, if the courier is ready to pay back money for cod. period of defeat sm jnt. it is still better if the courier wants to exchange money to the nearest shop. this is gamu. courier areas rancaekek are not ‚Ä¶"
627," As people say ""OLD :"
628," 081542295265 check the cellphone number of KURIR BEGO chronology I have sent the address along with the share loc But the courier is lazy he told me to take the package pdhl, usually just send it directly to ‚Ä¶"
629, Long time rich delivery from Germany wrote  
630," Where's my package ????? It has been canceled twice by the courier on the grounds of rescheduling by the buyer, what do you mean by rescheduling ???? The courier has no confirmation, just reschedule, if the work is ‚Ä¶"
631, Too experience so slow jakarta-bandung for 3 days it hasn't arrived too badly !!! ‚Ä¶
632," It took a long time to arrive and the money was paid off, what about the name shopee expreess but it took a long time, when the goods were delivered to their destination, the name shopee express service should be fast ‚Ä¶"
633," It's been a long time for 5 days of delivery from Tangerang to Bandung, my other messages are using the fast one, but it has arrived even though I ordered on 14 in the morning today on the 15th, I received the goods ‚Ä¶"
634, How long has it been contacted by Gabisa  
635," It was really bad at tracking, I was waiting for the delivery to the house, but it didn't arrive until the event was canceled The job is really bad, I don't know what the Courier is doing ‚Ä¶"
636," Delivery time, better use JNT / JNE  "
637," whether this is an intentional expedition service or not, or maybe the salary is too small for the courier so that the courier is lazy to send it to the destination. What is clear is that my package was taken round ‚Ä¶"
638," It took a long time, even though the area was bdg then sent to Cimahi from the 9th until now on the 14th before the courier appeared too .... hadeuuh where are the urgent items again ‚Ä¶"
639, What kind of service delivery like this is the worst  
640,Bad
641, It's been a long time since I've had a package  
642, I was really disappointed that the courier took so long to send ‚Ä¶
643," The package delivery has not arrived in 2 days ""with the courier ... the reason is not enough time..service is not good ‚Ä¶"
644," Don't want to use the Xpres shoppe, it's really ugly I swear ... goods from the 10th are being sent by the courier, the night is failing ... then the 11th the package is being sent by the courier at night it fails ‚Ä¶"
645," Very disappointed with Shopee Express Orders have been received boro ""just accept the box or not Don't be like that, we need the package, if all the courier plays, click ""just ‚Ä¶"
646," how is the delivery Is it true that the courier sent at 23.30? does anyone send at that time? the courier said it was going to shift 3. where were there no calls, you had to stay up late looking for the package. don't ‚Ä¶"
647," jkt-bdg 4 days haven't arrived, don't recommendüëéüèª  "
648, BEKASI - BANDUNG. Bekasi today morning to Bandung. 4 days later still stay at HUB BANDUNG. Gatau want to send it when? Estimated 1-3 days even 5 days have not arrived. Complaints ‚Ä¶
649," My order said the address was wrong even though it was correct and the courier didn't call at all, usually if you don't know, how do you like to call how really disappointed ‚Ä¶"
650," Now shopee express has changed a lot, the old one is now fast. The courier was already working extraordinarily until late at night. ‚Ä¶"
651, Parahhhh jkt - bdg 4 days Terua always come crazy late at the courier Express from where ‚Ä¶
652, It took so long to arrive  
653, MAKE THE BLOOD HIGH  
654, TAK SE-EXPRESS NAMANYA !!!  
655, steady  
656, Wrong address  
657," NYESEL PAKE SHOPEE EXPDERSSS üñïüñï JAKARTA BANDUNG 1 WEEK, LU SENDING A FOOT STREET ??? ‚Ä¶"
658," No, I can't find an address or what about other expeditions to know the house and if no one is entrusted to the neighbor ‚Ä¶"
659," Bodo, anjimmm fake status, not ready to be an expedition, no need to pretend "" an ‚Ä¶"
660, Keep on repairing  
661," Courier is unethical !!! lazy, if you are lazy you don't have to work! I just don't want to ask for the address üòî oh my goodness ... that's an important item ... really disappointed ‚Ä¶"
662," Even though 1 city but delivery is up to a week. The information on the package receipt has been sent by the courier from the set hour of 9 am, but at night the package receipt update failed to send because the ‚Ä¶"
663, The original lama of this junk expedition  
664, My order for baby milk ID003324858238 arrived at the Bandung HUB earlier in the evening but until this afternoon it was not delivered. My baby's milk has run out neeeehh !!!!!!!!!! ‚Ä¶
665," Alhamdulillah this has arrived for the 3 day package. It's awkward, Sumedang Regency ... But Panther, sending the fast is okay, easy üòä ‚Ä¶"
666, Is this the cellphone number or not? My status has been accepted even though I haven't received it yet. Helllooooo ... where did the package go ‚Ä¶
667, It's cool ... even if I don't work there  
668, purple material  
669," I am amazed at this standard shoopee express ... ask for packages in the shoopee chat and the CS telfn ... the answer is compact ... the same, no solution, should help follow up to the warehouse..sy contact the shoppe ‚Ä¶"
670, The delivery is really good even though the goods are already in Bandung ‚Ä¶
671," Sorry, why, buying from a shop in Bandung, sending to Bandung took a very long time, not as expected, the delivery took a long time, thanks ‚Ä¶"
672, I'm really sorry about using Shopee Express even though I ordered it. asked at first .. when traking it didn't move and continued in the transit hub. don't know which transit tired of waiting .. where is it hard to ‚Ä¶
673," It is not recommended to use this shopee express. My package arrived late. Even though I want to use it the next day. I just want to take it to his office, there is no number that can be contacted. I can't help ‚Ä¶"
674," One of the couriers is lazy !! I'm glad I already have a job, the work is great! Just look for the address! ‚Ä¶"
675," How long it takes to use Shopee Express! It's been 5 days, it hasn't arrived on jkt - it's just that. The package from Yogyakarta has arrived from kmren. This is done, the status is being sent by courier, but now it ‚Ä¶"
676, the delivery took really long  
677," The courier didn't know where it was, for two days the package had not arrived. üò• if you can include the contact wa courier, so you can cod. ‚Ä¶"
678, It's really bad that my package was stored and it wasn't sent to the address ‚Ä¶
679," My package from the 3rd until now hasn't arrived, the delivery failed on the status already 2x, what do you do, please, the item you want to use can completely fail like that ‚Ä¶"
680," Geez, there are lots of bad comments, those that are bad comments have to think about whether the address is clear or not, is there a house number or not, the number is active or not. If it is clear that even ordinary ‚Ä¶"
681," Worse, the delivery took a really long time to run - like Surabaya - just bdg ‚Ä¶"
682," It's really bad that the package doesn't ""stay for days"" and doesn't move until now, please, if you open the delivery service, set the right one, the package is taking too long or not "" ‚Ä¶"
683," lots of disappointing reviews, the order that the package didn't arrive, different from J **** and J ****, they are more ready to send goods quickly .. Where's Shopee Express, my item hasn't arrived ........ ‚Ä¶"
684," Ordinary drill oath packages from Jakarta using another service, now the order arrives tomorrow, using Shope Express, it's arrived now, it's not arrived, it's been 3 days for goods in Bandung hub. what are you doing ‚Ä¶"
685," It was written that the package was received by the person concerned, so I was at home again, the goods had not arrived ‚Ä¶"
686," Wow, the appendage is 'express' but doesn't express at all, asked the CS 'please wait' just like that, if there is a problem, the story is okay, don't just stop :"
687," Not the delivery service, what are the employees lazy to do, how about 3 times failed to send to the address but the following day it still doesn't process either üò° ‚Ä¶"
688," Please, the package, don't get stuck here for a long time, waiting for it üò™ ‚Ä¶"
689, what should I do?  
690, Fast delivery  
691," The shipment has been blocked ... The regular order is only for 2 days to 1 week ... Its status is traced in the queue and the messenger continues to fail, and the messenger continues to fail ... ‚Ä¶"
692, How to use this expedition service for so long !!  
693, taeeeeeeeeeeeeeeee long time ago  
694, Shopee express center in Bandung  
695, The old delivery has already checked the packet's status and has received the name of the recipient even though the name in question did not accept the package. ‚Ä¶
696," The case, almost all the same ... the goods we ordered back and forth to the Hub. Applied, the courier will send the package but it is always canceled. ‚Ä¶"
697," Jakartaaa bandunggg only, in 5 days it didn't arrive good time shopee ... Taken courier -> delivery failed -> the next day another courier was taken -> ‚Ä¶"
698," My package has been sent in 4 days, where is the courier, how come it doesn't arrive at home, I regret using shopee express, if using another shipment, it arrived 5 days ago JKT-BDG ‚Ä¶"
699, Packages are being sent by couriers from the afternoon until this evening there is also nothing. Where did the messenger go? No longer use shopee express ‚Ä¶
700," It took a long time ... my fellow to the 3th day didn't get it, too !! ‚Ä¶"
701," Please shopee express, I need to send goods faster. Shopee is rich, open a branch in Bandung very far so the delivery is not slow ... ‚Ä¶"
702, Very bad delivery  
703," Long! regret using shopee express services, know that using J & T or JNE! ‚Ä¶"
704, Goods arrive after a few days back and forth the warehouse and sender ‚Ä¶
705," JKT-BDG almost 3 weeks of service is very bad cs and the seller. If the item is not sent, please return the money ‚Ä¶"
706," Shoppe Express standard ID20670927697B, in shopee application status stated Buyer re schedul, halow? I waited for today and no package came ‚Ä¶"
707," For people who want to use this service, open your eyes, this is still a bad review there are still some who use it. Given a star so that the company thinks ‚Ä¶"
708, the item was ordered from yesterday but it was very long to be sent to her house now afternoon hasn't arrived yet. Diliat from review org2 this service is not recommended ‚Ä¶
709," It's been a long time in Bandung, I haven't sent my order number 2 days ID20949294079X ‚Ä¶"
710, Strategic location for an expedition warehouse.  
711," It feels like shopping on Planet Mars, it's always been mercy. Check receipts still in Courier, or Courier forgot to bring the equipment huh ‚Ä¶"
712, The order status arrived but I didn't receive it. How can this expedition be rich with no intention ‚Ä¶
713," 2 weeks did not arrive ""even though from Bandung to Cianjur until finally the shipment was canceled and chose to use jnt ‚Ä¶"
714," My order ID20271269798Z in 3 days and the courier is not sent to my house, I always return it, it looks like the courier doesn't understand if it's an important item and it's used, but it's like that ... I'm ‚Ä¶"
715," Please help, my package has not arrived in 6 days even though it was an expensive item again. Please fix this very slow delivery quickly. Just sort of sending from abroad for a long time begging for mercy, ‚Ä¶"
716," The period of 3 times failed to deliver the packet with the error of not enough time. From June 26, 28 & 29 ‚Ä¶"
717," What a terrible mess there is no one who can be contacted by the courier number or what, and there has also been a fictional courier, so don't happen again !!! Should I take the goods !!!!? ‚Ä¶"
718," It has been 2 days my package has not been returned to the Bandung hub, not arrived at the house, even though if I buy it from China and shipped using it, I will arrive in Bandung. said cs shoppe not suggesting, even ‚Ä¶"
719, the worst expedition I have ever used. I ordered goods from shopee jkt-bdg and arrived MORE WEEKS than the shipping period listed is only 3 days. plus when the goods are badly damaged and cannot be used. Ask the ‚Ä¶
720," So chaotic. The package from the moment it was sent was from the 16th until the 17th and then it didn't arrive at the recipient. I have complained to and fro from the e-commerce on the computer, asking for the shopee ‚Ä¶"
721, It has been 4 days since the package arrived Even though from Monday it has reached Bandung's hub .. I really regret using Shopee Express ... ‚Ä¶
722," Parah is very expedition, all day at home it's been 2 days, uh the status of the buyer is not there. ‚Ä¶"
723," pretty much changed, now it's fast just 1 day to arrive.  "
724, Did not receive the package but the package status was received and whose item was taken ‚Ä¶
725," good, awesome  "
726, good  
727," reasonable still new,  "
728," This is a terrible expedition. If it's been a week, it hasn't arrived. Another expedition for 2 or days. The status has arrived on Saturday, Tuesday, where has the package gone ?? ‚Ä¶"
